Channel Id,Channel Url,Channel Title
UC--Ru-Cve1fxhZ8m8xXxeUg,http://www.youtube.com/channel/UC--Ru-Cve1fxhZ8m8xXxeUg,Gaelic Neoreactionary
UC-3SbfTPJsL8fJAPKiVqBLg,http://www.youtube.com/channel/UC-3SbfTPJsL8fJAPKiVqBLg,Deep Look
UC-9b7aDP6ZN0coj9-xFnrtw,http://www.youtube.com/channel/UC-9b7aDP6ZN0coj9-xFnrtw,Astrum
UC-JWw2juO3Ikj5C9VsNoGIw,http://www.youtube.com/channel/UC-JWw2juO3Ikj5C9VsNoGIw,M. Laser History
UC-Jj_eFkIwnA5m75ral8_HQ,http://www.youtube.com/channel/UC-Jj_eFkIwnA5m75ral8_HQ,SubAnima
UC-LM91jkqJdWFvm9B5G-w7Q,http://www.youtube.com/channel/UC-LM91jkqJdWFvm9B5G-w7Q,Alan Fisher
UC-MnDZC-9I1Rhc_RjEbpBgg,http://www.youtube.com/channel/UC-MnDZC-9I1Rhc_RjEbpBgg,tu2ru
UC-NfY72l3Tn-c2qg0iHDUlQ,http://www.youtube.com/channel/UC-NfY72l3Tn-c2qg0iHDUlQ,WickedWiz
UC-deZ7ubmEzKxch1zqAwN6g,http://www.youtube.com/channel/UC-deZ7ubmEzKxch1zqAwN6g,The Master's Seminary
UC-eDKZ_PSz_JHynMf-Jp--A,http://www.youtube.com/channel/UC-eDKZ_PSz_JHynMf-Jp--A,ShaneBrained
UC-eeENoTnQK48xdmDQkAv3g,http://www.youtube.com/channel/UC-eeENoTnQK48xdmDQkAv3g,Internet Historian Deleted Content Archive
UC-lHJZR3Gqxm24_Vd_AJ5Yw,http://www.youtube.com/channel/UC-lHJZR3Gqxm24_Vd_AJ5Yw,PewDiePie
UC-nIhxjNqjcm8EmpPWBg3wA,http://www.youtube.com/channel/UC-nIhxjNqjcm8EmpPWBg3wA,Jauwn
UC-yewGHQbNFpDrGM0diZOLA,http://www.youtube.com/channel/UC-yewGHQbNFpDrGM0diZOLA,Sargon of Akkad
UC0-gvTKzYKQcjzKcSPfeIkA,http://www.youtube.com/channel/UC0-gvTKzYKQcjzKcSPfeIkA,Kinertia
UC04bVDU3xojYhKi6ISFEfOA,http://www.youtube.com/channel/UC04bVDU3xojYhKi6ISFEfOA,Ranivus Ch
UC06HVrkOL33D5lLnCPjr6NQ,http://www.youtube.com/channel/UC06HVrkOL33D5lLnCPjr6NQ,Breaking Taps
UC09yLJNAnvqmGDqJ-z7hZ4g,http://www.youtube.com/channel/UC09yLJNAnvqmGDqJ-z7hZ4g,Bamboo Art
UC0ATu8D2ssr4P0tiQyjDIPg,http://www.youtube.com/channel/UC0ATu8D2ssr4P0tiQyjDIPg,Sunflower
UC0BS2lLese-pldAtdOUgsfg,http://www.youtube.com/channel/UC0BS2lLese-pldAtdOUgsfg,Imamu room
UC0I0LMuuIC8cXIUEZOroFuA,http://www.youtube.com/channel/UC0I0LMuuIC8cXIUEZOroFuA,Nerd on Film
UC0IXmZqJq5YH4Uz6-9SjUhQ,http://www.youtube.com/channel/UC0IXmZqJq5YH4Uz6-9SjUhQ,Finding Sky
UC0_VHk6FDhpTAK6tx3vhabw,http://www.youtube.com/channel/UC0_VHk6FDhpTAK6tx3vhabw,UnaryPlus
UC0aanx5rpr7D1M7KCFYzrLQ,http://www.youtube.com/channel/UC0aanx5rpr7D1M7KCFYzrLQ,Shoe0nHead
UC0bj3SDSm7BKFvqqaXhNcFQ,http://www.youtube.com/channel/UC0bj3SDSm7BKFvqqaXhNcFQ,4 AM Fiction
UC0e3QhIYukixgh5VVpKHH9Q,http://www.youtube.com/channel/UC0e3QhIYukixgh5VVpKHH9Q,Code Bullet
UC0hHBEVg-EYuuf4BCZFaKhA,http://www.youtube.com/channel/UC0hHBEVg-EYuuf4BCZFaKhA,FindCrisis
UC0uTPqBCFIpZxlz_Lv1tk_g,http://www.youtube.com/channel/UC0uTPqBCFIpZxlz_Lv1tk_g,Protesilaos Stavrou
UC0vBXGSyV14uvJ4hECDOl0Q,http://www.youtube.com/channel/UC0vBXGSyV14uvJ4hECDOl0Q,Techquickie
UC0y9_728zj1_q7jeU_KZ4LA,http://www.youtube.com/channel/UC0y9_728zj1_q7jeU_KZ4LA,kishimisu
UC14FeUtkcZJWLZXkQy-bKwA,http://www.youtube.com/channel/UC14FeUtkcZJWLZXkQy-bKwA,SnaggyLowe
UC1CQtd-T1Ec-Qq-Jn92UvIw,http://www.youtube.com/channel/UC1CQtd-T1Ec-Qq-Jn92UvIw,Fortnite Sensei
UC1DTYW241WD64ah5BFWn4JA,http://www.youtube.com/channel/UC1DTYW241WD64ah5BFWn4JA,Sam O'Nella Academy
UC1FQyAL8cvaK0bR0RfM_fjA,http://www.youtube.com/channel/UC1FQyAL8cvaK0bR0RfM_fjA,MetaMaths
UC1LpsuAUaKoMzzJSEt5WImw,http://www.youtube.com/channel/UC1LpsuAUaKoMzzJSEt5WImw,Asianometry
UC1anDR4D0WTc3_Pp31ckizw,http://www.youtube.com/channel/UC1anDR4D0WTc3_Pp31ckizw,Malta Mathematical Society
UC1bwliGvJogr7cWK0nT2Eag,http://www.youtube.com/channel/UC1bwliGvJogr7cWK0nT2Eag,MKIceAndFire
UC1kBxkk2bcG78YBX7LMl9pQ,http://www.youtube.com/channel/UC1kBxkk2bcG78YBX7LMl9pQ,code_report
UC1rFmaGLYr0Ve_Y_soxZNWQ,http://www.youtube.com/channel/UC1rFmaGLYr0Ve_Y_soxZNWQ,Quinn's Ideas
UC1tozVUXyve6pkAv6gtcrQQ,http://www.youtube.com/channel/UC1tozVUXyve6pkAv6gtcrQQ,nubDotDev
UC1usFRN4LCMcfIV7UjHNuQg,http://www.youtube.com/channel/UC1usFRN4LCMcfIV7UjHNuQg,Introduction to Cryptography by Christof Paar
UC1vVNQN-TCy8d3Mb_Owr2Kw,http://www.youtube.com/channel/UC1vVNQN-TCy8d3Mb_Owr2Kw,Masaman
UC1zqGGAbxPjlOWKbfQQgqng,http://www.youtube.com/channel/UC1zqGGAbxPjlOWKbfQQgqng,Pieter-Jan
UC20iyvAXUZPraEqCAk0zDbw,http://www.youtube.com/channel/UC20iyvAXUZPraEqCAk0zDbw,Pete Judo
UC28n0tlcNSa1iPe5mettocg,http://www.youtube.com/channel/UC28n0tlcNSa1iPe5mettocg,voidzilla
UC2CmFx99gzfInrT8Jowm01w,http://www.youtube.com/channel/UC2CmFx99gzfInrT8Jowm01w,2ManySnacks
UC2D2CMWXMOVWx7giW1n3LIg,http://www.youtube.com/channel/UC2D2CMWXMOVWx7giW1n3LIg,Andrew Huberman
UC2G2xJqFUem8rxIRPjggKJg,http://www.youtube.com/channel/UC2G2xJqFUem8rxIRPjggKJg,Apastron
UC2SkFysGa2TopHPwXzBBLKw,http://www.youtube.com/channel/UC2SkFysGa2TopHPwXzBBLKw,Wolfram Demonstrations Project
UC2bkHVIDjXS7sgrgjFtzOXQ,http://www.youtube.com/channel/UC2bkHVIDjXS7sgrgjFtzOXQ,engineerguy
UC2e2EM3TEB8J6ctwTFSjYjA,http://www.youtube.com/channel/UC2e2EM3TEB8J6ctwTFSjYjA,KaiserBauch
UC2oWuUSd3t3t5O3Vxp4lgAA,http://www.youtube.com/channel/UC2oWuUSd3t3t5O3Vxp4lgAA,Jerma Stream Archive
UC2w1CQqPli4w94-PCg2UvJQ,http://www.youtube.com/channel/UC2w1CQqPli4w94-PCg2UvJQ,The Alternative Hypothesis
UC32EI4CFRAoM8mmecuoe9Cw,http://www.youtube.com/channel/UC32EI4CFRAoM8mmecuoe9Cw,Macabre Storytelling
UC337i8LcUSM4UMbLf820I8Q,http://www.youtube.com/channel/UC337i8LcUSM4UMbLf820I8Q,Just Some Guy
UC3CBOpT2-NRvoc2ecFMDCsA,http://www.youtube.com/channel/UC3CBOpT2-NRvoc2ecFMDCsA,Crime Pays But Botany Doesn't
UC3Hc3eyqALYSX0WKfqbO13Q,http://www.youtube.com/channel/UC3Hc3eyqALYSX0WKfqbO13Q,Vlaspatta Karamazov
UC3KV2kFy2YhjYvverIy2WnA,http://www.youtube.com/channel/UC3KV2kFy2YhjYvverIy2WnA,Dialect
UC3Pa5XABNoAeEkHWxiZ3xPg,http://www.youtube.com/channel/UC3Pa5XABNoAeEkHWxiZ3xPg,Nasu
UC3SM8yOKKwU8PYqwsNP5rGA,http://www.youtube.com/channel/UC3SM8yOKKwU8PYqwsNP5rGA,IzAwSmash
UC3SyoB0UuS2rsLWcU37eQ2w,http://www.youtube.com/channel/UC3SyoB0UuS2rsLWcU37eQ2w,Greg Owen
UC3cpN6gcJQqcCM6mxRUo_dA,http://www.youtube.com/channel/UC3cpN6gcJQqcCM6mxRUo_dA,Wendigoon
UC3lpMpbfQmv2o4RmLbIS9xA,http://www.youtube.com/channel/UC3lpMpbfQmv2o4RmLbIS9xA,MENTLE
UC3ltptWa0xfrDweghW94Acg,http://www.youtube.com/channel/UC3ltptWa0xfrDweghW94Acg,Karl Jobst
UC3nPaf5MeeDTHA2JN7clidg,http://www.youtube.com/channel/UC3nPaf5MeeDTHA2JN7clidg,Bellular News
UC3o2eSpoecewhemY1f2ZI-A,http://www.youtube.com/channel/UC3o2eSpoecewhemY1f2ZI-A,Neil McCoy-Ward
UC477Kvszl9JivqOxN1dFgPQ,http://www.youtube.com/channel/UC477Kvszl9JivqOxN1dFgPQ,Iron Pineapple
UC49EYw900LZn5VBglLRzxHw,http://www.youtube.com/channel/UC49EYw900LZn5VBglLRzxHw,Pockit
UC4BZtFgtCuHUt0p8J-XENiA,http://www.youtube.com/channel/UC4BZtFgtCuHUt0p8J-XENiA,E;R
UC4CDW9wUE670Qus8FHZhK3g,http://www.youtube.com/channel/UC4CDW9wUE670Qus8FHZhK3g,Tarek Said
UC4EFgGdLCsUKXO4LzMfypMA,http://www.youtube.com/channel/UC4EFgGdLCsUKXO4LzMfypMA,Power Pak
UC4Emb8dzcIBEMQG2UfDoD8w,http://www.youtube.com/channel/UC4Emb8dzcIBEMQG2UfDoD8w,Youngmoo Kim
UC4NNPgQ9sOkBjw6GlkgCylg,http://www.youtube.com/channel/UC4NNPgQ9sOkBjw6GlkgCylg,Ben Vallack
UC4QZ_LsYcvcq7qOsOhpAX4A,http://www.youtube.com/channel/UC4QZ_LsYcvcq7qOsOhpAX4A,ColdFusion
UC4fQ-Cy8UpLPMwehPg-8ltQ,http://www.youtube.com/channel/UC4fQ-Cy8UpLPMwehPg-8ltQ,andrew gold | heretics.
UC4u2drnbKx8vkN7Wp0LhFYQ,http://www.youtube.com/channel/UC4u2drnbKx8vkN7Wp0LhFYQ,Loving Jill 2005
UC4zzTEL5tuIgGMvzjk1Ozbg,http://www.youtube.com/channel/UC4zzTEL5tuIgGMvzjk1Ozbg,Henry Segerman
UC548OYFGjdJuprVWeqg60fw,http://www.youtube.com/channel/UC548OYFGjdJuprVWeqg60fw,Lemmaxiom
UC54w2TX_xUNPQ0d-3VvbsHQ,http://www.youtube.com/channel/UC54w2TX_xUNPQ0d-3VvbsHQ,Futurology
UC554eY5jNUfDq3yDOJYirOQ,http://www.youtube.com/channel/UC554eY5jNUfDq3yDOJYirOQ,Destiny
UC57gLBfdhN1zWMLmiW2Ya6Q,http://www.youtube.com/channel/UC57gLBfdhN1zWMLmiW2Ya6Q,Think That Through
UC5Jz6SBlu2Sv61kfssv4DOw,http://www.youtube.com/channel/UC5Jz6SBlu2Sv61kfssv4DOw,The FACTs of Mechanical Design
UC5N5pRddyicAX1QJyJjIIdg,http://www.youtube.com/channel/UC5N5pRddyicAX1QJyJjIIdg,Prof Ghrist Math
UC5T0tXJN5CrMZUEJuz4oovw,http://www.youtube.com/channel/UC5T0tXJN5CrMZUEJuz4oovw,Nerdrotic
UC5UYMeKfZbFYnLHzoTJB1xA,http://www.youtube.com/channel/UC5UYMeKfZbFYnLHzoTJB1xA,Schaffrillas Productions
UC5bN6XKHDCFt_wYAJmsP_Mg,http://www.youtube.com/channel/UC5bN6XKHDCFt_wYAJmsP_Mg,Jasper
UC5miyvhPsWWyfTulnJ43koQ,http://www.youtube.com/channel/UC5miyvhPsWWyfTulnJ43koQ,UncommentatedPannen
UC5rI-g-Kg3D3vctA6UyYa8Q,http://www.youtube.com/channel/UC5rI-g-Kg3D3vctA6UyYa8Q,Xavier Renegade Angel
UC5wZGwqyPawfmzpve8aJ-hw,http://www.youtube.com/channel/UC5wZGwqyPawfmzpve8aJ-hw,Geopold
UC5yzLXhKMxMO9L0rSciLnNA,http://www.youtube.com/channel/UC5yzLXhKMxMO9L0rSciLnNA,Devonetized
UC6107grRI4m0o2-emgoDnAA,http://www.youtube.com/channel/UC6107grRI4m0o2-emgoDnAA,SmarterEveryDay
UC64yhguM6CL-r7OKaKSTfyg,http://www.youtube.com/channel/UC64yhguM6CL-r7OKaKSTfyg,TomIRL
UC6FO-Up1-oLj5nNivCNHL-Q,http://www.youtube.com/channel/UC6FO-Up1-oLj5nNivCNHL-Q,Ryan Chapman
UC6Mjg5R5QOJYjrio1JmP8Fg,http://www.youtube.com/channel/UC6Mjg5R5QOJYjrio1JmP8Fg,oompaville
UC6R1juCB5ArnJGMmUlEE_fg,http://www.youtube.com/channel/UC6R1juCB5ArnJGMmUlEE_fg,FosterThePeople
UC6SaWe7xeOp31Vo8cQG1oXw,http://www.youtube.com/channel/UC6SaWe7xeOp31Vo8cQG1oXw,Frederic Schuller
UC6_J0wZdqcoRVs0Mck922SQ,http://www.youtube.com/channel/UC6_J0wZdqcoRVs0Mck922SQ,Sheafification of G
UC6biysICWOJ-C3P4Tyeggzg,http://www.youtube.com/channel/UC6biysICWOJ-C3P4Tyeggzg,Low Level Learning
UC6eaVn7349LRh5yzpXjeu8A,http://www.youtube.com/channel/UC6eaVn7349LRh5yzpXjeu8A,In One Lesson
UC6jM0RFkr4eSkzT5Gx0HOAw,http://www.youtube.com/channel/UC6jM0RFkr4eSkzT5Gx0HOAw,Michael Penn
UC6nSFpj9HTCZ5t-N3Rm3-HA,http://www.youtube.com/channel/UC6nSFpj9HTCZ5t-N3Rm3-HA,Vsauce
UC6qEdtxp_IAaVrNAHUIhHbQ,http://www.youtube.com/channel/UC6qEdtxp_IAaVrNAHUIhHbQ,Maths Town
UC75goysNVNgA2IlvwvXEXQQ,http://www.youtube.com/channel/UC75goysNVNgA2IlvwvXEXQQ,Mathematical Methods for physics and Engineering
UC7C2ikNDAMrRIAkfgVwm4Ug,http://www.youtube.com/channel/UC7C2ikNDAMrRIAkfgVwm4Ug,SigFyg
UC7Fs-Fdpe0I8GYg3lboEuXw,http://www.youtube.com/channel/UC7Fs-Fdpe0I8GYg3lboEuXw,Normalized Nerd
UC7M-Wz4zK8oikt6ATcoTwBA,http://www.youtube.com/channel/UC7M-Wz4zK8oikt6ATcoTwBA,Freya Holmér
UC7MCFUG5oKKsfVDl7gT7BRA,http://www.youtube.com/channel/UC7MCFUG5oKKsfVDl7gT7BRA,ZAK CATCH Em'
UC7P8CvjrU1AexV5aliNeLXw,http://www.youtube.com/channel/UC7P8CvjrU1AexV5aliNeLXw,Doctor Disaster
UC7Ucs42FZy3uYzjrqzOIHsw,http://www.youtube.com/channel/UC7Ucs42FZy3uYzjrqzOIHsw,EmpLemon
UC7YOGHUfC1Tb6E4pudI9STA,http://www.youtube.com/channel/UC7YOGHUfC1Tb6E4pudI9STA,Mental Outlaw
UC7_gcs09iThXybpVgjHZ_7g,http://www.youtube.com/channel/UC7_gcs09iThXybpVgjHZ_7g,PBS Space Time
UC7bYyWCCCLHDU0ZuNzGNTtg,http://www.youtube.com/channel/UC7bYyWCCCLHDU0ZuNzGNTtg,The Comments Section with Brett Cooper
UC7cmH--tFhYduIshTKzQUJQ,http://www.youtube.com/channel/UC7cmH--tFhYduIshTKzQUJQ,Stylized Station
UC7edjYPNhTm5LYJMT7UMt0Q,http://www.youtube.com/channel/UC7edjYPNhTm5LYJMT7UMt0Q,The Podcast of the Lotus Eaters
UC7hcoMmS8r-oNPlxUDMSHTA,http://www.youtube.com/channel/UC7hcoMmS8r-oNPlxUDMSHTA,Lil Pablo
UC7o-UFkoAPCoKxpKOfrs4zQ,http://www.youtube.com/channel/UC7o-UFkoAPCoKxpKOfrs4zQ,UsefulCharts
UC7tb21TAj3gNMWdSJtl-Upg,http://www.youtube.com/channel/UC7tb21TAj3gNMWdSJtl-Upg,The Mathemagicians' Guild Commons
UC7wuTzExlC6RDhCjmNdd4Hw,http://www.youtube.com/channel/UC7wuTzExlC6RDhCjmNdd4Hw,VisualMath
UC7yZ6keOGsvERMp2HaEbbXQ,http://www.youtube.com/channel/UC7yZ6keOGsvERMp2HaEbbXQ,devaslife
UC8406CpdEnBQZCe_Q_BIiCw,http://www.youtube.com/channel/UC8406CpdEnBQZCe_Q_BIiCw,Animal Origins
UC878tWl_3aft09zTNisPfig,http://www.youtube.com/channel/UC878tWl_3aft09zTNisPfig,FuffyFerrets
UC8J_A5Ehf12gHW_2Jvf1bxQ,http://www.youtube.com/channel/UC8J_A5Ehf12gHW_2Jvf1bxQ,Cocktail_UWU
UC8Q7XEy86Q7T-3kNpNjYgwA,http://www.youtube.com/channel/UC8Q7XEy86Q7T-3kNpNjYgwA,Incognito Mode
UC8SOR-4XMibFNpdkdkMDsew,http://www.youtube.com/channel/UC8SOR-4XMibFNpdkdkMDsew,Trip
UC8X4WT5_lUXqMjeN8bGFk9w,http://www.youtube.com/channel/UC8X4WT5_lUXqMjeN8bGFk9w,Kane Pixels
UC8bYucAICXmYet8pZ5Ja9Dw,http://www.youtube.com/channel/UC8bYucAICXmYet8pZ5Ja9Dw,Martin Donald
UC8nBLB3CnF4LgYdQu0PLh9A,http://www.youtube.com/channel/UC8nBLB3CnF4LgYdQu0PLh9A,Dan O Qam Yasharahla
UC8omrijlG_oLoHSf9RUmB9g,http://www.youtube.com/channel/UC8omrijlG_oLoHSf9RUmB9g,DocuDubery
UC8oqxaJotq84PCrZ9Ire0JQ,http://www.youtube.com/channel/UC8oqxaJotq84PCrZ9Ire0JQ,Eliza Diggins
UC8uT9cgJorJPWu7ITLGo9Ww,http://www.youtube.com/channel/UC8uT9cgJorJPWu7ITLGo9Ww,The 8-Bit Guy
UC8zJjrB38jPO5kB13p9CPrg,http://www.youtube.com/channel/UC8zJjrB38jPO5kB13p9CPrg,EFAP Highlights
UC9-egQYdpElHtvVM-t9qDWQ,http://www.youtube.com/channel/UC9-egQYdpElHtvVM-t9qDWQ,Impure Pics
UC90fTyO7WJ0H7WBRhkXwWiQ,http://www.youtube.com/channel/UC90fTyO7WJ0H7WBRhkXwWiQ,Ron & Math
UC92iwH5d9u0CeJtCx17YT9Q,http://www.youtube.com/channel/UC92iwH5d9u0CeJtCx17YT9Q,ENDYMIONtv
UC98FqLb-fljVb4l6e_FdWjw,http://www.youtube.com/channel/UC98FqLb-fljVb4l6e_FdWjw,PEAR哥
UC9BMWLruGWsr1nTzFqmMfHw,http://www.youtube.com/channel/UC9BMWLruGWsr1nTzFqmMfHw,The Meme Sheep
UC9Cz481L3CeYm-ZqwqevCPQ,http://www.youtube.com/channel/UC9Cz481L3CeYm-ZqwqevCPQ,Visual Kernel
UC9FenBtP0ZP22at7Zxl_AzA,http://www.youtube.com/channel/UC9FenBtP0ZP22at7Zxl_AzA,8AAFFF
UC9K5PLkj0N_b9JTPdSRwPkg,http://www.youtube.com/channel/UC9K5PLkj0N_b9JTPdSRwPkg,New Discourses
UC9Kq-yEt1iYsbUzNOoIRK0g,http://www.youtube.com/channel/UC9Kq-yEt1iYsbUzNOoIRK0g,Pitch Meeting
UC9NLgzkI0OVr_OrzKDcl_oA,http://www.youtube.com/channel/UC9NLgzkI0OVr_OrzKDcl_oA,The 4th monkey
UC9OZkS1Mhl5UvKSiPrYqsxg,http://www.youtube.com/channel/UC9OZkS1Mhl5UvKSiPrYqsxg,WolfeyVGC
UC9Ps690ng0aeja6vrcmX5fw,http://www.youtube.com/channel/UC9Ps690ng0aeja6vrcmX5fw,Formant
UC9RM-iSvTu1uPJb8X5yp3EQ,http://www.youtube.com/channel/UC9RM-iSvTu1uPJb8X5yp3EQ,Wendover Productions
UC9X7A_o3y1UJKCTLEmh1png,http://www.youtube.com/channel/UC9X7A_o3y1UJKCTLEmh1png,YMS Plays
UC9_beF3sqLK7mCOlPgSxoug,http://www.youtube.com/channel/UC9_beF3sqLK7mCOlPgSxoug,Drummer Boy
UC9_p50tH3WmMslWRWKnM7dQ,http://www.youtube.com/channel/UC9_p50tH3WmMslWRWKnM7dQ,Adam Ragusea
UC9bORzxOWiewqMXxkmhAwAg,http://www.youtube.com/channel/UC9bORzxOWiewqMXxkmhAwAg,Gingy
UC9dRb4fbJQIbQ3KHJZF_z0g,http://www.youtube.com/channel/UC9dRb4fbJQIbQ3KHJZF_z0g,Let's Talk Religion
UC9p_wQs8b8SHvfJSuuxEnvw,http://www.youtube.com/channel/UC9p_wQs8b8SHvfJSuuxEnvw,Preserve Knowledge
UC9rTsvTxJnx1DNrDA3Rqa6A,http://www.youtube.com/channel/UC9rTsvTxJnx1DNrDA3Rqa6A,Dr. Trefor Bazett
UC9u95hCXBWTEUBofHTNPe6Q,http://www.youtube.com/channel/UC9u95hCXBWTEUBofHTNPe6Q,Sarah Kelso
UC9uD-W5zQHQuAVT2GdcLCvg,http://www.youtube.com/channel/UC9uD-W5zQHQuAVT2GdcLCvg,Insider Science
UCA19mAJURyYHbJzhfpqhpCA,http://www.youtube.com/channel/UCA19mAJURyYHbJzhfpqhpCA,Action Lab Shorts
UCA63aMA5BmoqNtJUWL4QW-w,http://www.youtube.com/channel/UCA63aMA5BmoqNtJUWL4QW-w,Melonie Mac Go Boom
UCAGzw4hsMaDTof8FarAl_3g,http://www.youtube.com/channel/UCAGzw4hsMaDTof8FarAl_3g,RMFH
UCASM0cgfkJxQ1ICmRilfHLw,http://www.youtube.com/channel/UCASM0cgfkJxQ1ICmRilfHLw,Patrick Boyle
UCA_6mBVrMQSWtWbvQvz-fXw,http://www.youtube.com/channel/UCA_6mBVrMQSWtWbvQvz-fXw,OnePlusOneSpace
UCAebQubO4U1HQaR-rwsqUhA,http://www.youtube.com/channel/UCAebQubO4U1HQaR-rwsqUhA,Bowblax
UCAiiOTio8Yu69c3XnR7nQBQ,http://www.youtube.com/channel/UCAiiOTio8Yu69c3XnR7nQBQ,System Crafters
UCAoMke7WbncQpMplLhnlmrg,http://www.youtube.com/channel/UCAoMke7WbncQpMplLhnlmrg,Safari Sammie
UCApR0iC5vPzRsUsmjeY3r9Q,http://www.youtube.com/channel/UCApR0iC5vPzRsUsmjeY3r9Q,Digital Genius
UCApwcZw_xawOTzQFoYVOJmw,http://www.youtube.com/channel/UCApwcZw_xawOTzQFoYVOJmw,24 Frames Of Nick
UCAsLjyYl9GW66G1mpMzr8IA,http://www.youtube.com/channel/UCAsLjyYl9GW66G1mpMzr8IA,MinuteVideos
UCAu71emkK4JWb3sEnqg9gOQ,http://www.youtube.com/channel/UCAu71emkK4JWb3sEnqg9gOQ,Zactoshi
UCAvGvvEemkeX8hurdPXr7hA,http://www.youtube.com/channel/UCAvGvvEemkeX8hurdPXr7hA,Skills Matter
UCB5zZAm0b5-EqWkOEwHBE_A,http://www.youtube.com/channel/UCB5zZAm0b5-EqWkOEwHBE_A,Arch
UCB7peD7NPaVtPbut_e4Hvmw,http://www.youtube.com/channel/UCB7peD7NPaVtPbut_e4Hvmw,Steve Stowers
UCBGbTTcgn8AVEsEWdT3tI3Q,http://www.youtube.com/channel/UCBGbTTcgn8AVEsEWdT3tI3Q,IGP
UCBTZEtFw_-eLa1Vb5LPiGMA,http://www.youtube.com/channel/UCBTZEtFw_-eLa1Vb5LPiGMA,SithDev
UCBbnbBWJtwsf0jLGUwX5Q3g,http://www.youtube.com/channel/UCBbnbBWJtwsf0jLGUwX5Q3g,Journey to the Microcosmos
UCBcljXmuXPok9kT_VGA3adg,http://www.youtube.com/channel/UCBcljXmuXPok9kT_VGA3adg,Robert Baruch
UCBgY7ujyMfWQ5a8MtYobBkQ,http://www.youtube.com/channel/UCBgY7ujyMfWQ5a8MtYobBkQ,podemous
UCBklxB-6m4C2ktItXGm7thA,http://www.youtube.com/channel/UCBklxB-6m4C2ktItXGm7thA,J.J. Plagiarisms
UCBkqDNqao03ldC3u78-Pp8g,http://www.youtube.com/channel/UCBkqDNqao03ldC3u78-Pp8g,Linfamy
UCBn6YYmhnruGtEtlKxYbQ9A,http://www.youtube.com/channel/UCBn6YYmhnruGtEtlKxYbQ9A,K Klein
UCC3EkYe3BCQfjN5W3_p4p-A,http://www.youtube.com/channel/UCC3EkYe3BCQfjN5W3_p4p-A,Katie Van Slyke
UCCAfRoTJrKPbSrh_Eg3i4vg,http://www.youtube.com/channel/UCCAfRoTJrKPbSrh_Eg3i4vg,TomDark
UCCCzAbwp5De5wfiP7oGJtBQ,http://www.youtube.com/channel/UCCCzAbwp5De5wfiP7oGJtBQ,Soroush Mehraban
UCCNFCLWh1AA-qbyOyp8jlZg,http://www.youtube.com/channel/UCCNFCLWh1AA-qbyOyp8jlZg,BritMonkey
UCCStmsSWn-yO78KW2xxyfZw,http://www.youtube.com/channel/UCCStmsSWn-yO78KW2xxyfZw,Sobog
UCCWeRTgd79JL0ilH0ZywSJA,http://www.youtube.com/channel/UCCWeRTgd79JL0ilH0ZywSJA,AlphaPhoenix
UCChTxE4mQz4qX37RWgHmESw,http://www.youtube.com/channel/UCChTxE4mQz4qX37RWgHmESw,Sara Plus Twins
UCCkJI-ZJ0i3hUhare_oqZFQ,http://www.youtube.com/channel/UCCkJI-ZJ0i3hUhare_oqZFQ,Arxiv Papers
UCD0y51PJfvkZNe3y3FR5riw,http://www.youtube.com/channel/UCD0y51PJfvkZNe3y3FR5riw,Chyrosran22
UCD2chdqVN65MSM5igMZGbaw,http://www.youtube.com/channel/UCD2chdqVN65MSM5igMZGbaw,Bartek Spitza
UCD6VugMZKRhSyzWEWA9W2fg,http://www.youtube.com/channel/UCD6VugMZKRhSyzWEWA9W2fg,SsethTzeentach
UCDKJdFer1phQI95UinPZehw,http://www.youtube.com/channel/UCDKJdFer1phQI95UinPZehw,Turkey Tom
UCDRTAewerzwhGm7aSgw5OkA,http://www.youtube.com/channel/UCDRTAewerzwhGm7aSgw5OkA,It's a Buzz World
UCDpq4GgS1FT9ZQwo_-HiXoQ,http://www.youtube.com/channel/UCDpq4GgS1FT9ZQwo_-HiXoQ,Kuvina Saydaki
UCDzVUXiTr3hClI-zzCWbYzg,http://www.youtube.com/channel/UCDzVUXiTr3hClI-zzCWbYzg,Spanning Tree
UCE-bw6PRKuDlH6fP1mP4nOw,http://www.youtube.com/channel/UCE-bw6PRKuDlH6fP1mP4nOw,SeanHodgins
UCE18NVixiLaz0itt9T84jCw,http://www.youtube.com/channel/UCE18NVixiLaz0itt9T84jCw,US Digital
UCE1jXbVAGJQEORz9nZqb5bQ,http://www.youtube.com/channel/UCE1jXbVAGJQEORz9nZqb5bQ,Ahoy
UCE3N_UR9vJvoUbmfjkvpdmQ,http://www.youtube.com/channel/UCE3N_UR9vJvoUbmfjkvpdmQ,ℏistas
UCE4Gn00XZbpWvGUfIslT-tA,http://www.youtube.com/channel/UCE4Gn00XZbpWvGUfIslT-tA,MagnatesMedia
UCEBb1b_L6zDS3xTUrIALZOw,http://www.youtube.com/channel/UCEBb1b_L6zDS3xTUrIALZOw,MIT OpenCourseWare
UCEIwxahdLz7bap-VDs9h35A,http://www.youtube.com/channel/UCEIwxahdLz7bap-VDs9h35A,Steve Mould
UCEKI_F16hUtBHcw9tBtr24Q,http://www.youtube.com/channel/UCEKI_F16hUtBHcw9tBtr24Q,AltexSoft
UCEMOrInHlJ8Isl4uti-S13A,http://www.youtube.com/channel/UCEMOrInHlJ8Isl4uti-S13A,The Cynical Philosopher
UCEPTp5WMAzjh9mOrKUwRLmQ,http://www.youtube.com/channel/UCEPTp5WMAzjh9mOrKUwRLmQ,FPSRussia
UCEfPnGy17cWSf5rZ0By3YrA,http://www.youtube.com/channel/UCEfPnGy17cWSf5rZ0By3YrA,FFXzock
UCEgm-3RvRn4nCR-fGGVsfdQ,http://www.youtube.com/channel/UCEgm-3RvRn4nCR-fGGVsfdQ,Mattias Krantz
UCEnl2ZDocvt4aoIyT3fl8SQ,http://www.youtube.com/channel/UCEnl2ZDocvt4aoIyT3fl8SQ,CriticalPast
UCEo_JfTH_9FK-7k9-mAWJkQ,http://www.youtube.com/channel/UCEo_JfTH_9FK-7k9-mAWJkQ,sudgylacmoe
UCEwhtpXrg5MmwlH04ANpL8A,http://www.youtube.com/channel/UCEwhtpXrg5MmwlH04ANpL8A,SimonDev
UCF12zIL-CqStBeQtB6MTr8A,http://www.youtube.com/channel/UCF12zIL-CqStBeQtB6MTr8A,The German Professor
UCF9IOB2TExg3QIBupFtBDxg,http://www.youtube.com/channel/UCF9IOB2TExg3QIBupFtBDxg,Dr. John Campbell
UCF9kNqGtHFOHZsoi4QE-Ucg,http://www.youtube.com/channel/UCF9kNqGtHFOHZsoi4QE-Ucg,GiantPumpkins NL
UCFCEuCsyWP0YkP3CZ3Mr01Q,http://www.youtube.com/channel/UCFCEuCsyWP0YkP3CZ3Mr01Q,The Plain Bagel
UCFCRbISdZGWum5E5q-kuOPw,http://www.youtube.com/channel/UCFCRbISdZGWum5E5q-kuOPw,Petr Karnakov
UCFPeP6HuRmAr_Q2Vfbxnlww,http://www.youtube.com/channel/UCFPeP6HuRmAr_Q2Vfbxnlww,MasterofRoflness
UCFQMO-YL87u-6Rt8hIVsRjA,http://www.youtube.com/channel/UCFQMO-YL87u-6Rt8hIVsRjA,Hello Future Me
UCFQMnBA3CS502aghlcr0_aw,http://www.youtube.com/channel/UCFQMnBA3CS502aghlcr0_aw,Coffeezilla
UCFR-QlAx0qFHN9-QmcrpHnQ,http://www.youtube.com/channel/UCFR-QlAx0qFHN9-QmcrpHnQ,Pezzza's Work
UCFVnZyTWXFdxXsVydKUIpQg,http://www.youtube.com/channel/UCFVnZyTWXFdxXsVydKUIpQg,Press Start To Continue
UCFYvl99CsNq3-d96pgSRIwg,http://www.youtube.com/channel/UCFYvl99CsNq3-d96pgSRIwg,DogPack404
UCF_N2LmIT3x75ppQGUiPrKw,http://www.youtube.com/channel/UCF_N2LmIT3x75ppQGUiPrKw,Michael Robinson
UCFbtcTaMFnOAP0pFO1L8hVw,http://www.youtube.com/channel/UCFbtcTaMFnOAP0pFO1L8hVw,Kyle Hill
UCFeIEAkqvS4fJMTwUtF4OFw,http://www.youtube.com/channel/UCFeIEAkqvS4fJMTwUtF4OFw,Boarbarktree
UCFhXFikryT4aFcLkLw2LBLA,http://www.youtube.com/channel/UCFhXFikryT4aFcLkLw2LBLA,NileRed
UCFk00pDre4y0J1c7nYA2LnA,http://www.youtube.com/channel/UCFk00pDre4y0J1c7nYA2LnA,Scott Shafer
UCFsZ2CadKpAt_yInoTcVRnQ,http://www.youtube.com/channel/UCFsZ2CadKpAt_yInoTcVRnQ,Bill Shillito
UCFuZ8CdroQJihcKddJnLjmA,http://www.youtube.com/channel/UCFuZ8CdroQJihcKddJnLjmA,Kazuki ICh. 【Ame Clip】
UCFvwNEmiiG_DsSKa9ouIJ-w,http://www.youtube.com/channel/UCFvwNEmiiG_DsSKa9ouIJ-w,Gabriele Carcassi
UCG-KntY7aVnIGXYEBQvmBAQ,http://www.youtube.com/channel/UCG-KntY7aVnIGXYEBQvmBAQ,Thomas Frank
UCG32Q_-WViWay5px3sMx_dQ,http://www.youtube.com/channel/UCG32Q_-WViWay5px3sMx_dQ,RobbyStarbuck
UCG749Dj4V2fKa143f8sE60Q,http://www.youtube.com/channel/UCG749Dj4V2fKa143f8sE60Q,Tim Pool
UCG7yIWtVwcENg_ZS-nahg5g,http://www.youtube.com/channel/UCG7yIWtVwcENg_ZS-nahg5g,CNLohr
UCG8Fb4ZZQtsT0Nz4BAcGNEg,http://www.youtube.com/channel/UCG8Fb4ZZQtsT0Nz4BAcGNEg,gobou
UCGDanWUzNMbIV11lcNi-yBg,http://www.youtube.com/channel/UCGDanWUzNMbIV11lcNi-yBg,Faculty of Khan
UCGENTYBp0gPaFusxGXKk6_A,http://www.youtube.com/channel/UCGENTYBp0gPaFusxGXKk6_A,Paralogical
UCGKEMK3s-ZPbjVOIuAV8clQ,http://www.youtube.com/channel/UCGKEMK3s-ZPbjVOIuAV8clQ,Core Dumped
UCGLTvOqJOcbIwBtX0Rou2gw,http://www.youtube.com/channel/UCGLTvOqJOcbIwBtX0Rou2gw,Rags
UCGSGPehp0RWfca-kENgBJ9Q,http://www.youtube.com/channel/UCGSGPehp0RWfca-kENgBJ9Q,JREG
UCGVHC4L6gjS13AMe-JMOjHg,http://www.youtube.com/channel/UCGVHC4L6gjS13AMe-JMOjHg,Kane B
UCGeIjGngCkErevSNHdZYD5Q,http://www.youtube.com/channel/UCGeIjGngCkErevSNHdZYD5Q,Storymode
UCGjZlxsCYIkbpg4m3P3nhGg,http://www.youtube.com/channel/UCGjZlxsCYIkbpg4m3P3nhGg,The Kingerd
UCGk8BeVdBl1H-_X5a0Fu3vA,http://www.youtube.com/channel/UCGk8BeVdBl1H-_X5a0Fu3vA,nekojin anime/music
UCGmfsRVSM9FG5VIoxEmn-DQ,http://www.youtube.com/channel/UCGmfsRVSM9FG5VIoxEmn-DQ,Walt (oneminmicro)
UCGo5uT3qxwsSidWL_j-YDcw,http://www.youtube.com/channel/UCGo5uT3qxwsSidWL_j-YDcw,Autodidact
UCH-dH9smpH1IMccMe75pwbQ,http://www.youtube.com/channel/UCH-dH9smpH1IMccMe75pwbQ,Junion
UCH4BNI0-FOK2dMXoFtViWHw,http://www.youtube.com/channel/UCH4BNI0-FOK2dMXoFtViWHw,Be Smart
UCHAtzWEoegu7Z5zEVzjOM_Q,http://www.youtube.com/channel/UCHAtzWEoegu7Z5zEVzjOM_Q,Richard Southwell
UCHEnZhUKjZSLYs3jJ0raKZA,http://www.youtube.com/channel/UCHEnZhUKjZSLYs3jJ0raKZA,Another Roof
UCHH-ybUwH1CfJrXxnqw6Ljw,http://www.youtube.com/channel/UCHH-ybUwH1CfJrXxnqw6Ljw,MooLer
UCHNwwotKYIki5WGAq5E7oHw,http://www.youtube.com/channel/UCHNwwotKYIki5WGAq5E7oHw,Rogue Physics
UCHViryX3EF0hQ_LIRa0rtyw,http://www.youtube.com/channel/UCHViryX3EF0hQ_LIRa0rtyw,Kami Clips
UCHWzUISLM_7UQ99lcLbsGjA,http://www.youtube.com/channel/UCHWzUISLM_7UQ99lcLbsGjA,Habla Manana
UCHYa0qFFzmh70UuwrJ8U3Jg,http://www.youtube.com/channel/UCHYa0qFFzmh70UuwrJ8U3Jg,Flameium Ch.
UCHbMevniQEQnGZ4npjYSfaw,http://www.youtube.com/channel/UCHbMevniQEQnGZ4npjYSfaw,Streetfilms®
UCHepgwJNZ2qf3BqPW7i-atA,http://www.youtube.com/channel/UCHepgwJNZ2qf3BqPW7i-atA,King of Nothing
UCHhFW57totgBZwPWecGX_mQ,http://www.youtube.com/channel/UCHhFW57totgBZwPWecGX_mQ,Protium
UCHhnS5M4EeNduNu5vP80L0w,http://www.youtube.com/channel/UCHhnS5M4EeNduNu5vP80L0w,Moon Channel
UCHmG2Mrqs6zEhhfRLaTa9Pg,http://www.youtube.com/channel/UCHmG2Mrqs6zEhhfRLaTa9Pg,Jose R. Zapata
UCHmVAKGT0AcuD24zyjG1xYQ,http://www.youtube.com/channel/UCHmVAKGT0AcuD24zyjG1xYQ,Eric Rowland
UCHnyfMqiRRG1u-2MsSQLbXA,http://www.youtube.com/channel/UCHnyfMqiRRG1u-2MsSQLbXA,Veritasium
UCHsKx8eoDLaSNPwMhtuzncw,http://www.youtube.com/channel/UCHsKx8eoDLaSNPwMhtuzncw,RingManofChaos
UCHsRtomD4twRf5WVHHk-cMw,http://www.youtube.com/channel/UCHsRtomD4twRf5WVHHk-cMw,TierZoo
UCHsYWDqJkNlboBpyrRqLzkA,http://www.youtube.com/channel/UCHsYWDqJkNlboBpyrRqLzkA,The Mathemagicians' Guild
UCHv2sbHr3ymX3UkNLeeAQ5g,http://www.youtube.com/channel/UCHv2sbHr3ymX3UkNLeeAQ5g,Let there be math
UCI1KCp4Wa3dGfcmxgik1mCw,http://www.youtube.com/channel/UCI1KCp4Wa3dGfcmxgik1mCw,DuDuL
UCI1Z201n-8OelkSg0DVOsng,http://www.youtube.com/channel/UCI1Z201n-8OelkSg0DVOsng,Tweag
UCIAEnIaxbkkxfHKAaWh0mmg,http://www.youtube.com/channel/UCIAEnIaxbkkxfHKAaWh0mmg,ROULZ
UCIAmdxvgfnIEZnyQSiqgVgQ,http://www.youtube.com/channel/UCIAmdxvgfnIEZnyQSiqgVgQ,Keenan Crane
UCIGRhqYssT6IGPYOnZBFYKw,http://www.youtube.com/channel/UCIGRhqYssT6IGPYOnZBFYKw,Mattias Pilhede
UCIH0avbTM7spxAv1gc5h23A,http://www.youtube.com/channel/UCIH0avbTM7spxAv1gc5h23A,MathTrain
UCIZ5ZOeiXYbmKTl_85ghNPw,http://www.youtube.com/channel/UCIZ5ZOeiXYbmKTl_85ghNPw,Physics Explained
UCIoDNWuAq3wPv11BXbr5xMg,http://www.youtube.com/channel/UCIoDNWuAq3wPv11BXbr5xMg,SkyCorp Home Video
UCIqlapVQBqYHorHa8EiPdZQ,http://www.youtube.com/channel/UCIqlapVQBqYHorHa8EiPdZQ,Chirag Dudhat
UCIyDqfi_cbkp-RU20aBF-MQ,http://www.youtube.com/channel/UCIyDqfi_cbkp-RU20aBF-MQ,Richard E Borcherds
UCJ0yBou72Lz9fqeMXh9mkog,http://www.youtube.com/channel/UCJ0yBou72Lz9fqeMXh9mkog,Physics Videos by Eugene Khutoryansky
UCJDIGW0ywWw9Kh9_vtwqxXA,http://www.youtube.com/channel/UCJDIGW0ywWw9Kh9_vtwqxXA,William Spaniel
UCJID3POSmAtQJQvnjT6L0kA,http://www.youtube.com/channel/UCJID3POSmAtQJQvnjT6L0kA,WillyMacShow
UCJQq6ks1DxQXDC0T6mMl4SA,http://www.youtube.com/channel/UCJQq6ks1DxQXDC0T6mMl4SA,Dark Age Theorist
UCJRs4Gg9FIgAgpGBhtmpZBA,http://www.youtube.com/channel/UCJRs4Gg9FIgAgpGBhtmpZBA,The Bread Circus
UCJWvSmjWLDsn7c0w5wcLGKg,http://www.youtube.com/channel/UCJWvSmjWLDsn7c0w5wcLGKg,Loop
UCJXa3_WNNmIpewOtCHf3B0g,http://www.youtube.com/channel/UCJXa3_WNNmIpewOtCHf3B0g,LaurieWired
UCJYVW4HVrMWpUvvsjPQc8-Q,http://www.youtube.com/channel/UCJYVW4HVrMWpUvvsjPQc8-Q,DorianDotSlash
UCJZ94qp4dtCw0Q5UQqAkg7w,http://www.youtube.com/channel/UCJZ94qp4dtCw0Q5UQqAkg7w,larsandersen23
UCJaER0z3qCvzlZqxAB1IOiw,http://www.youtube.com/channel/UCJaER0z3qCvzlZqxAB1IOiw,바니쌤 예쁜몸매 만들기
UCJekgf6k62CQHdENWf2NgAQ,http://www.youtube.com/channel/UCJekgf6k62CQHdENWf2NgAQ,Wolfram
UCJnitYGnGNOkVNvHmjGE-gw,http://www.youtube.com/channel/UCJnitYGnGNOkVNvHmjGE-gw,WASU_ART
UCJpMLydEYA08vusDkq3FmjQ,http://www.youtube.com/channel/UCJpMLydEYA08vusDkq3FmjQ,Meeting Cpp
UCK1XzxcKXB_v_dcw_tflC1A,http://www.youtube.com/channel/UCK1XzxcKXB_v_dcw_tflC1A,OBF
UCK1ojgSCMzxqkwEkDxNtgnw,http://www.youtube.com/channel/UCK1ojgSCMzxqkwEkDxNtgnw,Zell Ch.
UCK8XIGR5kRidIw2fWqwyHRA,http://www.youtube.com/channel/UCK8XIGR5kRidIw2fWqwyHRA,Reducible
UCKA5LTD39pLIju_tloEbZtw,http://www.youtube.com/channel/UCKA5LTD39pLIju_tloEbZtw,t k
UCKCrizbo5HgqzgN2L4manXg,http://www.youtube.com/channel/UCKCrizbo5HgqzgN2L4manXg,Fargonauts
UCKFJx67o0c2MhgYlA3aCo_g,http://www.youtube.com/channel/UCKFJx67o0c2MhgYlA3aCo_g,Captain Gizmo
UCKFf3Oo8d5jPTRNvBeQ5vqA,http://www.youtube.com/channel/UCKFf3Oo8d5jPTRNvBeQ5vqA,spacematt
UCKaCe0uDVvefgJblhZ0uL6A,http://www.youtube.com/channel/UCKaCe0uDVvefgJblhZ0uL6A,Black Moth Super Rainbow - Topic
UCKlUrYO3i9MDlL45Ia6j5EA,http://www.youtube.com/channel/UCKlUrYO3i9MDlL45Ia6j5EA,GmanLives
UCKre6QmGZ270Og0uLylTSVA,http://www.youtube.com/channel/UCKre6QmGZ270Og0uLylTSVA,Rust and Cpp Cardiff Meetup
UCKv8Rrrdc9oxLJmdHItafLA,http://www.youtube.com/channel/UCKv8Rrrdc9oxLJmdHItafLA,ManlyBadassHero
UCKzJFdi57J53Vr_BkTfN3uQ,http://www.youtube.com/channel/UCKzJFdi57J53Vr_BkTfN3uQ,Primer
UCL2YZxXyxlomuGsSXrCb43g,http://www.youtube.com/channel/UCL2YZxXyxlomuGsSXrCb43g,Supware
UCL7DDQWP6x7wy0O6L5ZIgxg,http://www.youtube.com/channel/UCL7DDQWP6x7wy0O6L5ZIgxg,2ndJerma
UCL8_FK5K4vpMGxjiyM76B4w,http://www.youtube.com/channel/UCL8_FK5K4vpMGxjiyM76B4w,James Toland
UCLFXk9J3O-hhOk0msOjKYdQ,http://www.youtube.com/channel/UCLFXk9J3O-hhOk0msOjKYdQ,TerminalMontage
UCLLC4hipTYA1e-Rv-l31Z_w,http://www.youtube.com/channel/UCLLC4hipTYA1e-Rv-l31Z_w,Kimono Mom
UCLMW28ecWJj_kTHkJF0x2pg,http://www.youtube.com/channel/UCLMW28ecWJj_kTHkJF0x2pg,very much tom
UCLNGY9N9Xmnc2kUpHoSJ5ng,http://www.youtube.com/channel/UCLNGY9N9Xmnc2kUpHoSJ5ng,Dr. Zye
UCL_DY6n_2w96u0MB82taNPg,http://www.youtube.com/channel/UCL_DY6n_2w96u0MB82taNPg,João Pereira Criações
UCLiU3BzWeBoQjCgeu1kL8Bw,http://www.youtube.com/channel/UCLiU3BzWeBoQjCgeu1kL8Bw,Chandler's Wild Life
UCLm6Qf523lkZ031DXClRKKA,http://www.youtube.com/channel/UCLm6Qf523lkZ031DXClRKKA,It's Learnable
UCLov_1Fylw4fNmcc9lSHLdg,http://www.youtube.com/channel/UCLov_1Fylw4fNmcc9lSHLdg,Robert Patrick
UCLr7WdmDaXQAiI8gmh77S6Q,http://www.youtube.com/channel/UCLr7WdmDaXQAiI8gmh77S6Q,Prime's Theater
UCLtOpyx344v-l0kreCSUEFg,http://www.youtube.com/channel/UCLtOpyx344v-l0kreCSUEFg,AstroSam
UCLvJBXY26H5qseoBfH8yy1A,http://www.youtube.com/channel/UCLvJBXY26H5qseoBfH8yy1A,The Generation Report
UCLwNTXWEjVd2qIHLcXxQWxA,http://www.youtube.com/channel/UCLwNTXWEjVd2qIHLcXxQWxA,Timcast IRL
UCLyDrCftvWVuWJza4FOGkUg,http://www.youtube.com/channel/UCLyDrCftvWVuWJza4FOGkUg,ThoughtThrill
UCLypMNpJKeKUnNe4eiqgBjA,http://www.youtube.com/channel/UCLypMNpJKeKUnNe4eiqgBjA,凍檸斌 lemontea
UCM0V8r4kuIWIl6Sy-NHj2lg,http://www.youtube.com/channel/UCM0V8r4kuIWIl6Sy-NHj2lg,Quinton Reviews
UCMOqf8ab-42UUQIdVoKwjlQ,http://www.youtube.com/channel/UCMOqf8ab-42UUQIdVoKwjlQ,Practical Engineering
UCMRs0Ml8RF0cWVAOeQeBxTw,http://www.youtube.com/channel/UCMRs0Ml8RF0cWVAOeQeBxTw,The Jolly Heretic
UCMTk_R_Y49jvq-HQXDmKI0Q,http://www.youtube.com/channel/UCMTk_R_Y49jvq-HQXDmKI0Q,The Right Opinion
UCMUyG01MXNeiTykIlvWwIRQ,http://www.youtube.com/channel/UCMUyG01MXNeiTykIlvWwIRQ,JJJacksfilms
UCMdGPato0IC5-zZjJIf-P9w,http://www.youtube.com/channel/UCMdGPato0IC5-zZjJIf-P9w,SwaggerSouls
UCMdWcmhasDY_-bE64HXL8wA,http://www.youtube.com/channel/UCMdWcmhasDY_-bE64HXL8wA,Glitch Poachers
UCMethyLk5GtQUyH6Us-dSmw,http://www.youtube.com/channel/UCMethyLk5GtQUyH6Us-dSmw,Highly Entropic Mind
UCMk_WSPy3EE16aK5HLzCJzw,http://www.youtube.com/channel/UCMk_WSPy3EE16aK5HLzCJzw,NativLang
UCMm211NGh4Ls5SAMZJF7E8A,http://www.youtube.com/channel/UCMm211NGh4Ls5SAMZJF7E8A,pannenkoek2012
UCMmaBzfCCwZ2KqaBJjkj0fw,http://www.youtube.com/channel/UCMmaBzfCCwZ2KqaBJjkj0fw,Kings and Generals
UCN3Jj2sU9LNFQplsjsdxdrw,http://www.youtube.com/channel/UCN3Jj2sU9LNFQplsjsdxdrw,RebelTaxi
UCN474WQPkqqhUbxhkXKieQw,http://www.youtube.com/channel/UCN474WQPkqqhUbxhkXKieQw,Robbaz
UCN5xN8gIljvWYnsj06V8WbQ,http://www.youtube.com/channel/UCN5xN8gIljvWYnsj06V8WbQ,Pyrocynical
UCN9v4QG3AQEP3zuRvVs2dAg,http://www.youtube.com/channel/UCN9v4QG3AQEP3zuRvVs2dAg,History Time
UCNMSCL9rDJJez6mP5gSpAPQ,http://www.youtube.com/channel/UCNMSCL9rDJJez6mP5gSpAPQ,BedBananas
UCNSoNc9s67nfOGlCXSu5VsA,http://www.youtube.com/channel/UCNSoNc9s67nfOGlCXSu5VsA,Heme Review
UCNZ69Kmb3EBMfaMk1x3OsMw,http://www.youtube.com/channel/UCNZ69Kmb3EBMfaMk1x3OsMw,Chris Jones
UCNa7Xpk4EBwrIimODpu_ztA,http://www.youtube.com/channel/UCNa7Xpk4EBwrIimODpu_ztA,An Engineer's Weekend
UCNhX3WQEkraW3VHPyup8jkQ,http://www.youtube.com/channel/UCNhX3WQEkraW3VHPyup8jkQ,Langfocus
UCNtOZ1eR5LUzu5DS_dGrxdw,http://www.youtube.com/channel/UCNtOZ1eR5LUzu5DS_dGrxdw,ThatMathThing
UCNwZIGnHkzy6KpHPQtserzQ,http://www.youtube.com/channel/UCNwZIGnHkzy6KpHPQtserzQ,Karolina Żebrowska
UCO8hlzY7C7EJ5Q59qEqtG5w,http://www.youtube.com/channel/UCO8hlzY7C7EJ5Q59qEqtG5w,Cruel World Happy Mind
UCODHrzPMGbNv67e84WDZhQQ,http://www.youtube.com/channel/UCODHrzPMGbNv67e84WDZhQQ,fern
UCOEctG6vbUJ1FhnzFauTGZg,http://www.youtube.com/channel/UCOEctG6vbUJ1FhnzFauTGZg,TGMResearch
UCONZHzH7R_IKJVjwdMyLBYg,http://www.youtube.com/channel/UCONZHzH7R_IKJVjwdMyLBYg,World Equation
UCOQN5u9oIocoYEdn3LQID4Q,http://www.youtube.com/channel/UCOQN5u9oIocoYEdn3LQID4Q,But Why?
UCOTgNyfQG4vVP5sCXrJaS4g,http://www.youtube.com/channel/UCOTgNyfQG4vVP5sCXrJaS4g,Epic Economics
UCOWUaTxzS2crX0204fRl0DA,http://www.youtube.com/channel/UCOWUaTxzS2crX0204fRl0DA,BloodRedKittie
UCOY6nAvXpLem0XczOq3wYQA,http://www.youtube.com/channel/UCOY6nAvXpLem0XczOq3wYQA,Du Cinema
UCOips_B57nZIGWvTvbrGIOQ,http://www.youtube.com/channel/UCOips_B57nZIGWvTvbrGIOQ,Ally Streetcars & Things
UCOyW3G18eCIhZvvmCb9jzCg,http://www.youtube.com/channel/UCOyW3G18eCIhZvvmCb9jzCg,Design Prototype Test
UCOzuch8oW61hVYffbQ-upWw,http://www.youtube.com/channel/UCOzuch8oW61hVYffbQ-upWw,Lines That Connect
UCP3alkHEJhoxTpy3iVON-lg,http://www.youtube.com/channel/UCP3alkHEJhoxTpy3iVON-lg,Physics with Elliot
UCP4nMSTdwU1KqYWu3UH5DHQ,http://www.youtube.com/channel/UCP4nMSTdwU1KqYWu3UH5DHQ,Pomu Rainpuff 【NIJISANJI EN】
UCP5tjEmvPItGyLhmjdwP7Ww,http://www.youtube.com/channel/UCP5tjEmvPItGyLhmjdwP7Ww,RealLifeLore
UCPUe9uOcp1UMpVi6Vll60Jw,http://www.youtube.com/channel/UCPUe9uOcp1UMpVi6Vll60Jw,Garbaj
UCPX4OLPrulGFE_c1FXZjwzg,http://www.youtube.com/channel/UCPX4OLPrulGFE_c1FXZjwzg,jHan
UCPb7xe-MQ0KiJpaKBWFZtTA,http://www.youtube.com/channel/UCPb7xe-MQ0KiJpaKBWFZtTA,Very Normal
UCPiICo4ClvnkuJlkTC6-3PA,http://www.youtube.com/channel/UCPiICo4ClvnkuJlkTC6-3PA,Squirrels at the window
UCPkY_Sq49tl36fdfFhPFytg,http://www.youtube.com/channel/UCPkY_Sq49tl36fdfFhPFytg,G C
UCPlWv88ZRMxCcK3BGjrX7ew,http://www.youtube.com/channel/UCPlWv88ZRMxCcK3BGjrX7ew,Writing on Games
UCPwPBPg6LWoNfSsobxu81dw,http://www.youtube.com/channel/UCPwPBPg6LWoNfSsobxu81dw,Philka
UCPwuva5LbnwFTetkP_cUQHA,http://www.youtube.com/channel/UCPwuva5LbnwFTetkP_cUQHA,Paper Will
UCQD3awTLw9i8Xzh85FKsuJA,http://www.youtube.com/channel/UCQD3awTLw9i8Xzh85FKsuJA,SovietWomble
UCQG40havu4kNpB4pxUDQhYQ,http://www.youtube.com/channel/UCQG40havu4kNpB4pxUDQhYQ,Acerola
UCQNqxS0Fu6CmzmVHSlnrShw,http://www.youtube.com/channel/UCQNqxS0Fu6CmzmVHSlnrShw,Nuance Bro
UCQQ_fGcMDxlKre3SEqEWrLA,http://www.youtube.com/channel/UCQQ_fGcMDxlKre3SEqEWrLA,99Bitcoins
UCQWeW0mZYQL-3Boj5iNMw4g,http://www.youtube.com/channel/UCQWeW0mZYQL-3Boj5iNMw4g,David Evans
UCQeWZ0ninG-2pzlaenh2ECw,http://www.youtube.com/channel/UCQeWZ0ninG-2pzlaenh2ECw,The Rageaholic
UCQfyToF3E2jfnvOunuG985A,http://www.youtube.com/channel/UCQfyToF3E2jfnvOunuG985A,PeakMath
UCQmWt938Z8TkdPq6uasdlbA,http://www.youtube.com/channel/UCQmWt938Z8TkdPq6uasdlbA,diesel patches
UCQnMw9GGDS3xO6fN5oae-4w,http://www.youtube.com/channel/UCQnMw9GGDS3xO6fN5oae-4w,Know Art
UCQnW3NlXRx5X1_6vnvtu6xQ,http://www.youtube.com/channel/UCQnW3NlXRx5X1_6vnvtu6xQ,Colourful Space
UCQoJIigcorV_0MQ7-A9kg7A,http://www.youtube.com/channel/UCQoJIigcorV_0MQ7-A9kg7A,HexagonVideos
UCQqKJjMG4DYLn5gqWmIi8Lw,http://www.youtube.com/channel/UCQqKJjMG4DYLn5gqWmIi8Lw,DIIV
UCQrDV_RiKJ-cNyyMdTjzREQ,http://www.youtube.com/channel/UCQrDV_RiKJ-cNyyMdTjzREQ,The Salt Factory
UCR1D15p_vdP3HkrH8wgjQRw,http://www.youtube.com/channel/UCR1D15p_vdP3HkrH8wgjQRw,Internet Historian
UCR1IuLEqb6UEA_zQ81kwXfg,http://www.youtube.com/channel/UCR1IuLEqb6UEA_zQ81kwXfg,Real Engineering
UCR1uNZFzyXOuty6FK8hXGxQ,http://www.youtube.com/channel/UCR1uNZFzyXOuty6FK8hXGxQ,Recurse Center
UCR2uRTQ53V_egXKFflMMaaw,http://www.youtube.com/channel/UCR2uRTQ53V_egXKFflMMaaw,Artem Kirsanov
UCR6LasBpceuYUhuLToKBzvQ,http://www.youtube.com/channel/UCR6LasBpceuYUhuLToKBzvQ,Solar Sands
UCRC4bcpS2y1hh-Rabs0-vkQ,http://www.youtube.com/channel/UCRC4bcpS2y1hh-Rabs0-vkQ,Hat-Loving Gamer
UCRCPQvTs96frBB8X5eGVE4w,http://www.youtube.com/channel/UCRCPQvTs96frBB8X5eGVE4w,The Mezzofanti Guild
UCRFmZfuuvuTSA1rkHyKQK0A,http://www.youtube.com/channel/UCRFmZfuuvuTSA1rkHyKQK0A,Gradience
UCRORSN_alHEPyyM_x27wBXQ,http://www.youtube.com/channel/UCRORSN_alHEPyyM_x27wBXQ,savannahXYZ
UCROzjj9Mpr4RifkGH0UPxTQ,http://www.youtube.com/channel/UCROzjj9Mpr4RifkGH0UPxTQ,Art of rendering
UCRRr_xrOm66qaigIbwFLvbQ,http://www.youtube.com/channel/UCRRr_xrOm66qaigIbwFLvbQ,Simon Clark
UCRWyPm7MrfotIYF8A8MGV3g,http://www.youtube.com/channel/UCRWyPm7MrfotIYF8A8MGV3g,Josh Strife Hayes
UCRZn1C9FL1_Wwe3MTvBovag,http://www.youtube.com/channel/UCRZn1C9FL1_Wwe3MTvBovag,Optional Objective
UCRb6Mw3fJ6OFzp-cB9X29aA,http://www.youtube.com/channel/UCRb6Mw3fJ6OFzp-cB9X29aA,Junferno
UCRcgy6GzDeccI7dkbbBna3Q,http://www.youtube.com/channel/UCRcgy6GzDeccI7dkbbBna3Q,LEMMiNO
UCRfR7ivZHwXIC8kdydo5jdQ,http://www.youtube.com/channel/UCRfR7ivZHwXIC8kdydo5jdQ,jacobneu
UCRg9AVKnk7uUWQlVHhg-phA,http://www.youtube.com/channel/UCRg9AVKnk7uUWQlVHhg-phA,bobaepapa - 보배아빠
UCRiJko2k-0EpPpFGgk3XJMg,http://www.youtube.com/channel/UCRiJko2k-0EpPpFGgk3XJMg,Maths Partner
UCRoQoviWSNt55TxgnuYa17g,http://www.youtube.com/channel/UCRoQoviWSNt55TxgnuYa17g,Echo Chamberlain
UCRwczJ_nk1t9IGHyHfHbXRQ,http://www.youtube.com/channel/UCRwczJ_nk1t9IGHyHfHbXRQ,Nathaniel Bandy
UCS0N5baNlQWJCUrhCEo8WlA,http://www.youtube.com/channel/UCS0N5baNlQWJCUrhCEo8WlA,Ben Eater
UCS3rcqoSoXD8p23gsoORZNA,http://www.youtube.com/channel/UCS3rcqoSoXD8p23gsoORZNA,Jacob Knowles
UCS3wWlfGUijnRIf745lRl2A,http://www.youtube.com/channel/UCS3wWlfGUijnRIf745lRl2A,FuseSchool - Global Education
UCS7f-cxlnbg2d51sO_Jzmcg,http://www.youtube.com/channel/UCS7f-cxlnbg2d51sO_Jzmcg,Art Kalb
UCS85PXHRkizrbGHBCe4tV3g,http://www.youtube.com/channel/UCS85PXHRkizrbGHBCe4tV3g,Karsten Runquist
UCSDiMahT5qDCjoWtzruztkw,http://www.youtube.com/channel/UCSDiMahT5qDCjoWtzruztkw,ambiguousamphibian
UCSJPFQdZwrOutnmSFYtbstA,http://www.youtube.com/channel/UCSJPFQdZwrOutnmSFYtbstA,The Critical Drinker
UCSPIuWADJIMIf9Erf--XAsA,http://www.youtube.com/channel/UCSPIuWADJIMIf9Erf--XAsA,nanobyte
UCSRkkE5cwi686FvE8FFG2Sg,http://www.youtube.com/channel/UCSRkkE5cwi686FvE8FFG2Sg,Thomas Hyldig
UCS_x4qBUZitb008J78Q0FqA,http://www.youtube.com/channel/UCS_x4qBUZitb008J78Q0FqA,Strutheo
UCSc16oMxxlcJSb9SXkjwMjA,http://www.youtube.com/channel/UCSc16oMxxlcJSb9SXkjwMjA,YMS
UCSezUnbvCLYBXuUlPcXU_QQ,http://www.youtube.com/channel/UCSezUnbvCLYBXuUlPcXU_QQ,hyper
UCShLhIReMWZSe1xZI2E2pWQ,http://www.youtube.com/channel/UCShLhIReMWZSe1xZI2E2pWQ,Protist Lab Films
UCSobCg_oxl057cJvYF5TGCA,http://www.youtube.com/channel/UCSobCg_oxl057cJvYF5TGCA,Home Design
UCSuhUzpdXg9jme6eN6HA_IA,http://www.youtube.com/channel/UCSuhUzpdXg9jme6eN6HA_IA,GVMERS
UCSz8X-JAmenxLH-uXlgVaCg,http://www.youtube.com/channel/UCSz8X-JAmenxLH-uXlgVaCg,Odd Animal Specimens
UCT9Fyqn0izh-wX-wDzKBwAA,http://www.youtube.com/channel/UCT9Fyqn0izh-wX-wDzKBwAA,Mathematical Visual Proofs
UCT9lRRTBWIqMIfVgSyfsg7Q,http://www.youtube.com/channel/UCT9lRRTBWIqMIfVgSyfsg7Q,PRINCESSJOULES
UCTAbcCOa45Q7kcRSuWXISBg,http://www.youtube.com/channel/UCTAbcCOa45Q7kcRSuWXISBg,3MMUHH
UCTFm_FIRJJ1ppTGPrPawX8A,http://www.youtube.com/channel/UCTFm_FIRJJ1ppTGPrPawX8A,Slayermusiq1
UCTGgxc_jIz2z9mpfInuPHWQ,http://www.youtube.com/channel/UCTGgxc_jIz2z9mpfInuPHWQ,Coder Foundry
UCTGxZzS4CEVZC8eezJ5fHfA,http://www.youtube.com/channel/UCTGxZzS4CEVZC8eezJ5fHfA,Fei_fiii
UCTJ6koPpY-rfp_fNTBuMjTA,http://www.youtube.com/channel/UCTJ6koPpY-rfp_fNTBuMjTA,David Covert
UCTNEyXNnGpMqpR3eb9w1hyw,http://www.youtube.com/channel/UCTNEyXNnGpMqpR3eb9w1hyw,Rob's Media
UCTPQU7wiEr423xqD-2yJRBQ,http://www.youtube.com/channel/UCTPQU7wiEr423xqD-2yJRBQ,BeamBuddy
UCTUMn6LGMmr9LxOTwDXelPQ,http://www.youtube.com/channel/UCTUMn6LGMmr9LxOTwDXelPQ,Estebans C
UCTVtzNf-jqghW0OM1b04ZdQ,http://www.youtube.com/channel/UCTVtzNf-jqghW0OM1b04ZdQ,drinksss
UCTW4HCKk5yA2EvX1FvDHBFA,http://www.youtube.com/channel/UCTW4HCKk5yA2EvX1FvDHBFA,BillsYT
UCTYLIcLSUX6YZ_DIjBEjbvQ,http://www.youtube.com/channel/UCTYLIcLSUX6YZ_DIjBEjbvQ,zetamath
UCTdw38Cw6jcm0atBPA39a0Q,http://www.youtube.com/channel/UCTdw38Cw6jcm0atBPA39a0Q,NDC Conferences
UCTgcQHhfcArHUgFFOHawRUQ,http://www.youtube.com/channel/UCTgcQHhfcArHUgFFOHawRUQ,CModGamma
UCTmPSm2hC150-QrjdzWSu4Q,http://www.youtube.com/channel/UCTmPSm2hC150-QrjdzWSu4Q,Chud Logic
UCTosgQvaBFbzVkx7qzi1tNw,http://www.youtube.com/channel/UCTosgQvaBFbzVkx7qzi1tNw,squizzy
UCTq1zHztiV69Ur8t6jco4CQ,http://www.youtube.com/channel/UCTq1zHztiV69Ur8t6jco4CQ,S2 Underground
UCTrAO0TDCldnYUN3BkLmGcw,http://www.youtube.com/channel/UCTrAO0TDCldnYUN3BkLmGcw,b001
UCU63EiU7Y-8xcRntPIRVrzA,http://www.youtube.com/channel/UCU63EiU7Y-8xcRntPIRVrzA,Unpacked
UCU9pX8hKcrx06XfOB-VQLdw,http://www.youtube.com/channel/UCU9pX8hKcrx06XfOB-VQLdw,xisumavoid
UCUESjxU6UjPmVv8h_-ORDVA,http://www.youtube.com/channel/UCUESjxU6UjPmVv8h_-ORDVA,Soyjak Party Video Archive 
UCUHW94eEFW7hkUMVaZz4eDg,http://www.youtube.com/channel/UCUHW94eEFW7hkUMVaZz4eDg,minutephysics
UCUIMPfrOEtLE3uQwY4mixhg,http://www.youtube.com/channel/UCUIMPfrOEtLE3uQwY4mixhg,shrimpjar
UCUK0HBIBWgM2c4vsPhkYY4w,http://www.youtube.com/channel/UCUK0HBIBWgM2c4vsPhkYY4w,The Slow Mo Guys
UCUMi87x5R_zkN4u0To0jqHw,http://www.youtube.com/channel/UCUMi87x5R_zkN4u0To0jqHw,Free Engineering Courses
UCUQewPZn0ZNGV_cipdoaxcw,http://www.youtube.com/channel/UCUQewPZn0ZNGV_cipdoaxcw,Bigbunjeeeeee
UCUSL8poMxM_uXWzWExJaY-w,http://www.youtube.com/channel/UCUSL8poMxM_uXWzWExJaY-w,Crimebodge
UCUUYiPd9TKE62mUn-lJ29AQ,http://www.youtube.com/channel/UCUUYiPd9TKE62mUn-lJ29AQ,Aleczandxr
UCUaOtnzPiHKSIAsM_Nu6-bQ,http://www.youtube.com/channel/UCUaOtnzPiHKSIAsM_Nu6-bQ,Tomáš Miškov
UCUk0AvSMU5CJ0wUqJf9TX8g,http://www.youtube.com/channel/UCUk0AvSMU5CJ0wUqJf9TX8g,Coleman Hughes
UCUowFWIWGw6Pv2JqfEj8njQ,http://www.youtube.com/channel/UCUowFWIWGw6Pv2JqfEj8njQ,Aydin Paladin
UCUtVZ70RhZBnH1NS9oyZvpA,http://www.youtube.com/channel/UCUtVZ70RhZBnH1NS9oyZvpA,Attoparsec
UCUv35okF8MSo2dFQx5LrNmA,http://www.youtube.com/channel/UCUv35okF8MSo2dFQx5LrNmA,Chalk Talk
UCUyH4QfXX-5NOT0bULqG6lQ,http://www.youtube.com/channel/UCUyH4QfXX-5NOT0bULqG6lQ,Wall Street Millennial
UCUzCJfP1NSQFTH2zqE646BA,http://www.youtube.com/channel/UCUzCJfP1NSQFTH2zqE646BA,Fertility Associates
UCV4JXShy1U1PeMa3KdzeonQ,http://www.youtube.com/channel/UCV4JXShy1U1PeMa3KdzeonQ,J Hill
UCV4Rx1m-9HmtqHET7GjnVOA,http://www.youtube.com/channel/UCV4Rx1m-9HmtqHET7GjnVOA,braintruffle
UCV5vCi3jPJdURZwAOO_FNfQ,http://www.youtube.com/channel/UCV5vCi3jPJdURZwAOO_FNfQ,The Thought Emporium
UCVEZHL_9IuSsDcIcH_PwAcg,http://www.youtube.com/channel/UCVEZHL_9IuSsDcIcH_PwAcg,Bite-Sized MauLer
UCVc6AHfGw9b2zOE_ZGfmsnw,http://www.youtube.com/channel/UCVc6AHfGw9b2zOE_ZGfmsnw,Make Anything
UCVjT2Ca341A4BfnPUCrl84A,http://www.youtube.com/channel/UCVjT2Ca341A4BfnPUCrl84A,zamzawed
UCVo63lbKHjC04KqYhwSZ_Pg,http://www.youtube.com/channel/UCVo63lbKHjC04KqYhwSZ_Pg,Defunctland
UCVp2JlxMcDwvZcUu9KATXJg,http://www.youtube.com/channel/UCVp2JlxMcDwvZcUu9KATXJg,NumberCruncher
UCVpankR4HtoAVtYnFDUieYA,http://www.youtube.com/channel/UCVpankR4HtoAVtYnFDUieYA,Ze Frank
UCVqIaPVG27Nh64ZGWdFzSWQ,http://www.youtube.com/channel/UCVqIaPVG27Nh64ZGWdFzSWQ,Gabriel Lebec
UCVt7ujK-9TT9KByzL9g_2QQ,http://www.youtube.com/channel/UCVt7ujK-9TT9KByzL9g_2QQ,ShortFatOtaku
UCVwUJd9Fqj_sXschfpGGleA,http://www.youtube.com/channel/UCVwUJd9Fqj_sXschfpGGleA,The Human Spider
UCWJHDMgKWWvOsdyRF3HPVEw,http://www.youtube.com/channel/UCWJHDMgKWWvOsdyRF3HPVEw,Iraqveteran8888
UCWNx17Jt6eW4N4ayAEiXdEA,http://www.youtube.com/channel/UCWNx17Jt6eW4N4ayAEiXdEA,quantpie
UCWOWd66mzVVXqXSVDjVSByw,http://www.youtube.com/channel/UCWOWd66mzVVXqXSVDjVSByw,Chemistorian
UCWQ7rdjjB-ujwQl0ErJ01eg,http://www.youtube.com/channel/UCWQ7rdjjB-ujwQl0ErJ01eg,Ben Syversen
UCWQfbcMGyrPDlIU7wV7aAOQ,http://www.youtube.com/channel/UCWQfbcMGyrPDlIU7wV7aAOQ,Liam Triforce
UCW_g9NyCVbS3kx7ZJ-qEu8Q,http://www.youtube.com/channel/UCW_g9NyCVbS3kx7ZJ-qEu8Q,MathWorksWorks
UCWdGv5veEBYCn99pT7XJsjw,http://www.youtube.com/channel/UCWdGv5veEBYCn99pT7XJsjw,2maniac
UCWul-fy84WOBE_YMcw7uJ9w,http://www.youtube.com/channel/UCWul-fy84WOBE_YMcw7uJ9w,Kieran Borovac
UCWvq4kcdNI1r1jZKFw9TiUA,http://www.youtube.com/channel/UCWvq4kcdNI1r1jZKFw9TiUA,ScienceClic English
UCX7HGgF-R4rrIU9KmPncs4w,http://www.youtube.com/channel/UCX7HGgF-R4rrIU9KmPncs4w,SimpliHow
UCX7YXQyC_iz-wxn5I1Owugg,http://www.youtube.com/channel/UCX7YXQyC_iz-wxn5I1Owugg,SherlockSage
UCX981hh-RI_L1QOwV08osNA,http://www.youtube.com/channel/UCX981hh-RI_L1QOwV08osNA,Aaed Musa
UCXBhaqPhqV4R5H9o-50oldQ,http://www.youtube.com/channel/UCXBhaqPhqV4R5H9o-50oldQ,Crash Landing Studios
UCXGN2hXVqqyk6jI6vOJgVoA,http://www.youtube.com/channel/UCXGN2hXVqqyk6jI6vOJgVoA,Physics Simulations
UCXIvhdNOzEdpdCSxTzsJm6w,http://www.youtube.com/channel/UCXIvhdNOzEdpdCSxTzsJm6w,LegacyKillaHD
UCXQ1uyZZ7grGbMneWhgSyFw,http://www.youtube.com/channel/UCXQ1uyZZ7grGbMneWhgSyFw,Claire Craig
UCXUPKJO5MZQN11PqgIvyuvQ,http://www.youtube.com/channel/UCXUPKJO5MZQN11PqgIvyuvQ,Andrej Karpathy
UCXX1iQGufHujuIvQ38MPKMA,http://www.youtube.com/channel/UCXX1iQGufHujuIvQ38MPKMA,MauLer
UCXdgpRJakzzAFaZWHXQPiCQ,http://www.youtube.com/channel/UCXdgpRJakzzAFaZWHXQPiCQ,Marcus Alqueres
UCXl0Zbk8_rvjyLwAR-Xh9pQ,http://www.youtube.com/channel/UCXl0Zbk8_rvjyLwAR-Xh9pQ,Insights into Mathematics
UCXoKg7Uvy4E7G3oW-Id5k1A,http://www.youtube.com/channel/UCXoKg7Uvy4E7G3oW-Id5k1A,Acheeto
UCXoRb5fEVQGnGErwh1MpbmA,http://www.youtube.com/channel/UCXoRb5fEVQGnGErwh1MpbmA,indiana souf
UCXuDaiY3TG6aLw1G3owajgg,http://www.youtube.com/channel/UCXuDaiY3TG6aLw1G3owajgg,weasel batches
UCXxpeUHuG4hrsejoxcCH5GA,http://www.youtube.com/channel/UCXxpeUHuG4hrsejoxcCH5GA,毒でんぱ
UCXyVz9-w9Ippr-j2Yz4zAcQ,http://www.youtube.com/channel/UCXyVz9-w9Ippr-j2Yz4zAcQ,Savage Books
UCXzn66XFtpyKdGf8JDJOpCQ,http://www.youtube.com/channel/UCXzn66XFtpyKdGf8JDJOpCQ,MinuteLabs.io
UCY1ARhKEu8BtSTCXyXxs3WA,http://www.youtube.com/channel/UCY1ARhKEu8BtSTCXyXxs3WA,Nutsa
UCY1YlKxzCnq0W_k-sBEtALQ,http://www.youtube.com/channel/UCY1YlKxzCnq0W_k-sBEtALQ,アボガド6
UCY6iwVgOWuB58sj8zwDbpGQ,http://www.youtube.com/channel/UCY6iwVgOWuB58sj8zwDbpGQ,Ladytron
UCYGDiVemmhY_Q1M-hKp4fvw,http://www.youtube.com/channel/UCYGDiVemmhY_Q1M-hKp4fvw,big boss
UCYIwBA7mwDWnrckXs7gt76Q,http://www.youtube.com/channel/UCYIwBA7mwDWnrckXs7gt76Q,SnapCube
UCYMbbNRzlXOhQHBB6EoudZg,http://www.youtube.com/channel/UCYMbbNRzlXOhQHBB6EoudZg,Joon The King
UCYO_jab_esuFRV4b17AJtAw,http://www.youtube.com/channel/UCYO_jab_esuFRV4b17AJtAw,3Blue1Brown
UCYUQQgogVeQY8cMQamhHJcg,http://www.youtube.com/channel/UCYUQQgogVeQY8cMQamhHJcg,CinemaSins
UCYVZPqu5dXmY3unyBehiS4g,http://www.youtube.com/channel/UCYVZPqu5dXmY3unyBehiS4g,へち(HECHI)
UCYZtp0YIxYOipX15v_h_jnA,http://www.youtube.com/channel/UCYZtp0YIxYOipX15v_h_jnA,Crowbcat
UCYbdt1rgZnmuEngc8WqGKtw,http://www.youtube.com/channel/UCYbdt1rgZnmuEngc8WqGKtw,Euler's Basement
UCYbru-MPO1xjes4FVn61JUQ,http://www.youtube.com/channel/UCYbru-MPO1xjes4FVn61JUQ,Shawn Woods
UCYcOHH6u-8w2yB1mKbXP1Uw,http://www.youtube.com/channel/UCYcOHH6u-8w2yB1mKbXP1Uw,The Little Platoon
UCYmSvRP_6V-eLVONPe9xwBg,http://www.youtube.com/channel/UCYmSvRP_6V-eLVONPe9xwBg,Idea Theory
UCYuQjtwffrSIzfswH3V24mQ,http://www.youtube.com/channel/UCYuQjtwffrSIzfswH3V24mQ,Tom Delalande
UCYyWrpcVU2PZlLohFaYOZUw,http://www.youtube.com/channel/UCYyWrpcVU2PZlLohFaYOZUw,The Exploring Series
UCYz48cNy4hAAdrBwbjm5oLQ,http://www.youtube.com/channel/UCYz48cNy4hAAdrBwbjm5oLQ,Not Efap Highlights
UCZA8hvv04gKhC9NR4zLbLeg,http://www.youtube.com/channel/UCZA8hvv04gKhC9NR4zLbLeg,Alpine1
UCZB6V9fUov0Mx_us3MWWILg,http://www.youtube.com/channel/UCZB6V9fUov0Mx_us3MWWILg,People Make Games
UCZDOT6k11nLH3ZwA6Xp89NA,http://www.youtube.com/channel/UCZDOT6k11nLH3ZwA6Xp89NA,Birdbrain
UCZHmQk67mSJgfCCTn7xBfew,http://www.youtube.com/channel/UCZHmQk67mSJgfCCTn7xBfew,Yannic Kilcher
UCZQgWJzIQtKXqvT2NrLOZTA,http://www.youtube.com/channel/UCZQgWJzIQtKXqvT2NrLOZTA,So Says Jay
UCZRoNJu1OszFqABP8AuJIuw,http://www.youtube.com/channel/UCZRoNJu1OszFqABP8AuJIuw,Logically Answered
UCZVSiiHQ1qE01eTUR4UU6dw,http://www.youtube.com/channel/UCZVSiiHQ1qE01eTUR4UU6dw,TheTypicalBeast 
UCZ_cuJGBis0vi6U3bWmvDIg,http://www.youtube.com/channel/UCZ_cuJGBis0vi6U3bWmvDIg,FaceDev
UCZdXYhccbWh-WTk6xFmF9cA,http://www.youtube.com/channel/UCZdXYhccbWh-WTk6xFmF9cA,Owen Maitzen
UCZkNCrTlO2jAk2tIoz3Zbfg,http://www.youtube.com/channel/UCZkNCrTlO2jAk2tIoz3Zbfg,Spotlight on China
UCZoBUif9DwHS9YLE722LGtA,http://www.youtube.com/channel/UCZoBUif9DwHS9YLE722LGtA,Hyrule Gamer
UCZuzNII45cRoJxiH8vVZoJA,http://www.youtube.com/channel/UCZuzNII45cRoJxiH8vVZoJA,Armando Arredondo
UC_54BddY_xCboN2ktKg_yjw,http://www.youtube.com/channel/UC_54BddY_xCboN2ktKg_yjw,Hydraulic Beanbag
UC_Vl1oLTGjWYJLmbTpaqorQ,http://www.youtube.com/channel/UC_Vl1oLTGjWYJLmbTpaqorQ,Spill
UC_hu0tG_WJzjJA0SoOw-ajQ,http://www.youtube.com/channel/UC_hu0tG_WJzjJA0SoOw-ajQ,The Millennial
UC_hukbByJP7OZ3Xm2tszacQ,http://www.youtube.com/channel/UC_hukbByJP7OZ3Xm2tszacQ,Jeffrey Kaplan
UC_iD0xppBwwsrM9DegC5cQQ,http://www.youtube.com/channel/UC_iD0xppBwwsrM9DegC5cQQ,Jon Gjengset
UC_iHRiUyLSn4mjr8FYlHEiQ,http://www.youtube.com/channel/UC_iHRiUyLSn4mjr8FYlHEiQ,Rando Code ^^
UC_iUeUzozCHEReJ-shKcCYA,http://www.youtube.com/channel/UC_iUeUzozCHEReJ-shKcCYA,Internet Anarchist
UC_o-8gbGsHbWy4FNqD08pOg,http://www.youtube.com/channel/UC_o-8gbGsHbWy4FNqD08pOg,Kyu-bum Lee
UC_uuCO-tZMc73_qRvr46OFA,http://www.youtube.com/channel/UC_uuCO-tZMc73_qRvr46OFA,Mind Pulp
UC_zBdZ0_H_jn41FDRG7q4Tw,http://www.youtube.com/channel/UC_zBdZ0_H_jn41FDRG7q4Tw,Vimjoyer
UC_zn0wBLlOpIlQWY3V_Y3gw,http://www.youtube.com/channel/UC_zn0wBLlOpIlQWY3V_Y3gw,Good Vibrations with Freeball
UCa-Xqm-vchLt0O9J6ufYx4Q,http://www.youtube.com/channel/UCa-Xqm-vchLt0O9J6ufYx4Q,CupppaJoe5
UCa-iCk5rSuWnAb_VT9Hzs3w,http://www.youtube.com/channel/UCa-iCk5rSuWnAb_VT9Hzs3w,Claire Cottrill
UCa6TeYZ2DlueFRne5DyAnyg,http://www.youtube.com/channel/UCa6TeYZ2DlueFRne5DyAnyg,Grandayy
UCaHT88aobpcvRFEuy4v5Clg,http://www.youtube.com/channel/UCaHT88aobpcvRFEuy4v5Clg,Lessons in Meme Culture
UCaJ84U5xsjX9KT1mIF3B22w,http://www.youtube.com/channel/UCaJ84U5xsjX9KT1mIF3B22w,Rev says desu
UCaSCt8s_4nfkRglWCvNSDrg,http://www.youtube.com/channel/UCaSCt8s_4nfkRglWCvNSDrg,CodeAesthetic
UCaYhcUwRBNscFNUKTjgPFiA,http://www.youtube.com/channel/UCaYhcUwRBNscFNUKTjgPFiA,Rust
UCaZ2M9qZfE899-JDE_TCZxA,http://www.youtube.com/channel/UCaZ2M9qZfE899-JDE_TCZxA,Seals are Good
UCaay7_gi9Fq6WwWopuYHpug,http://www.youtube.com/channel/UCaay7_gi9Fq6WwWopuYHpug,All Things Physics
UCabBd1g8nBWWCx2YT4yeXOA,http://www.youtube.com/channel/UCabBd1g8nBWWCx2YT4yeXOA,Tony Zhang
UCaf0cC8LoX7-VaShCz02Ovw,http://www.youtube.com/channel/UCaf0cC8LoX7-VaShCz02Ovw,Little Ruby Rue
UCah7IyEzRnRdttwDGDdy_gw,http://www.youtube.com/channel/UCah7IyEzRnRdttwDGDdy_gw,RujiK the Comatose
UCahRghBkidF24RvCXLL4ezA,http://www.youtube.com/channel/UCahRghBkidF24RvCXLL4ezA,Kotte Animation
UCajRLbcUE43jiEc8VpGXe9w,http://www.youtube.com/channel/UCajRLbcUE43jiEc8VpGXe9w,Bari Science Lab
UCamjnFmK1_lsTWJGWzkC8ew,http://www.youtube.com/channel/UCamjnFmK1_lsTWJGWzkC8ew,Dapz
UCayHmrTQfWTSFjjaAKki4fQ,http://www.youtube.com/channel/UCayHmrTQfWTSFjjaAKki4fQ,The Woke Critic
UCayZHNob_pvVyP3mJuHIIiA,http://www.youtube.com/channel/UCayZHNob_pvVyP3mJuHIIiA,Baggage Claim
UCb1odBsfUVstnlaYW_IiHWw,http://www.youtube.com/channel/UCb1odBsfUVstnlaYW_IiHWw,CrowsEyeProductions
UCb2GCoLSBXjmI_Qj1vk-44g,http://www.youtube.com/channel/UCb2GCoLSBXjmI_Qj1vk-44g,Amoeba Sisters
UCbAn7pVK2VIyo-UysfWGdZQ,http://www.youtube.com/channel/UCbAn7pVK2VIyo-UysfWGdZQ,uidotdev
UCbHJVeS0ZIco7FTTqhvDg6g,http://www.youtube.com/channel/UCbHJVeS0ZIco7FTTqhvDg6g,NanoRooms
UCbUx0H90I6TqUcqT0TWv9wg,http://www.youtube.com/channel/UCbUx0H90I6TqUcqT0TWv9wg,Podel
UCbWcXB0PoqOsAvAdfzWMf0w,http://www.youtube.com/channel/UCbWcXB0PoqOsAvAdfzWMf0w,Fredrik Knudsen
UCb_sF2m3-2azOqeNEdMwQPw,http://www.youtube.com/channel/UCb_sF2m3-2azOqeNEdMwQPw,Matthewmatosis
UCbvTMFDYB-GYWPJl4jvMAMA,http://www.youtube.com/channel/UCbvTMFDYB-GYWPJl4jvMAMA,The Pior Fam
UCbxQcz9k0NRRuy0ukgQTDQQ,http://www.youtube.com/channel/UCbxQcz9k0NRRuy0ukgQTDQQ,AustinMcConnell
UCc1ufNROdAxto9Fr0jnEE2Q,http://www.youtube.com/channel/UCc1ufNROdAxto9Fr0jnEE2Q,Advoko MAKES
UCcBaDcVabV0r0V4P8nrSqqg,http://www.youtube.com/channel/UCcBaDcVabV0r0V4P8nrSqqg,Oliver Lugg
UCcCgrkTY66jIwBILnjkZvOQ,http://www.youtube.com/channel/UCcCgrkTY66jIwBILnjkZvOQ,Josh Everton
UCcK7FL7MY1ndPMqSsoMNvyw,http://www.youtube.com/channel/UCcK7FL7MY1ndPMqSsoMNvyw,Formscapes
UCcMDMoNu66_1Hwi5-MeiQgw,http://www.youtube.com/channel/UCcMDMoNu66_1Hwi5-MeiQgw,Hydraulic Press Channel
UCccafaIN6dwBwyl1cwNH90w,http://www.youtube.com/channel/UCccafaIN6dwBwyl1cwNH90w,The Psychedelic Scientist
UCcd-GOvl9DdyPVHQxy58bOw,http://www.youtube.com/channel/UCcd-GOvl9DdyPVHQxy58bOw,ずっと真夜中でいいのに。ZUTOMAYO
UCcf4LQogGFtYzPhq05uHE4g,http://www.youtube.com/channel/UCcf4LQogGFtYzPhq05uHE4g,udiprod
UCch9Dmg5Juwp8MZGvAmAp4Q,http://www.youtube.com/channel/UCch9Dmg5Juwp8MZGvAmAp4Q,VIVINOS
UCciQ8wFcVoIIMi-lfu8-cjQ,http://www.youtube.com/channel/UCciQ8wFcVoIIMi-lfu8-cjQ,Anton Petrov
UCcmZHsuUt_DOzcgIcLd0Qnw,http://www.youtube.com/channel/UCcmZHsuUt_DOzcgIcLd0Qnw,Kamikaze Cash
UCcnci5vbpLJ-rh_V9yXwawg,http://www.youtube.com/channel/UCcnci5vbpLJ-rh_V9yXwawg,martincitopants
UCcvczmsieHPRsrpc3v7GUmg,http://www.youtube.com/channel/UCcvczmsieHPRsrpc3v7GUmg,Casual Scholar
UCcy9tbHDmqJJshJRqVGYoKg,http://www.youtube.com/channel/UCcy9tbHDmqJJshJRqVGYoKg,quant
UCczSVX9eQ0SkgIeMs18V-hg,http://www.youtube.com/channel/UCczSVX9eQ0SkgIeMs18V-hg,moderndaymath
UCd0dc7kQA1FUpJ76o1EjLqQ,http://www.youtube.com/channel/UCd0dc7kQA1FUpJ76o1EjLqQ,Leios Labs
UCd1T8CDVLrTMijqR4hQ6P-w,http://www.youtube.com/channel/UCd1T8CDVLrTMijqR4hQ6P-w,UrDay
UCdHT7KB1gDAXZYpPW71fn0Q,http://www.youtube.com/channel/UCdHT7KB1gDAXZYpPW71fn0Q,The Distributist
UCdJdEguB1F1CiYe7OEi3SBg,http://www.youtube.com/channel/UCdJdEguB1F1CiYe7OEi3SBg,JonTronShow
UCdPj29tirbbEOZJP3Gs6nTQ,http://www.youtube.com/channel/UCdPj29tirbbEOZJP3Gs6nTQ,Sheev Talks
UCddBETK7I59iZ3a0zJBqj2A,http://www.youtube.com/channel/UCddBETK7I59iZ3a0zJBqj2A,Giorgio B
UCdgUN8rX3SEb9L7FDub3I6A,http://www.youtube.com/channel/UCdgUN8rX3SEb9L7FDub3I6A,Design Theory
UCdngmbVKX1Tgre699-XLlUA,http://www.youtube.com/channel/UCdngmbVKX1Tgre699-XLlUA,TechWorld with Nana
UCdoPCztTOW7BJUPk2h5ttXA,http://www.youtube.com/channel/UCdoPCztTOW7BJUPk2h5ttXA,Call Me Kevin
UCdoSYLaxXH9cLuiRAjYX7gw,http://www.youtube.com/channel/UCdoSYLaxXH9cLuiRAjYX7gw,dy d Oscar
UCdp4_l1vPmpN-gDbUwhaRUQ,http://www.youtube.com/channel/UCdp4_l1vPmpN-gDbUwhaRUQ,Branch Education
UCdwo4k1RQHTcq_-WS7Cazqg,http://www.youtube.com/channel/UCdwo4k1RQHTcq_-WS7Cazqg,The Bright Side of Mathematics
UCdxV8WMWlO1bWKwo9IwJiTw,http://www.youtube.com/channel/UCdxV8WMWlO1bWKwo9IwJiTw,Kurosai
UCe02lGcO-ahAURWuxAJnjdA,http://www.youtube.com/channel/UCe02lGcO-ahAURWuxAJnjdA,Timcast
UCe1p_tXrE4ESgB5QBfAwr3w,http://www.youtube.com/channel/UCe1p_tXrE4ESgB5QBfAwr3w,Maverick005
UCeB2SugEDUZBlS_5PgniDRg,http://www.youtube.com/channel/UCeB2SugEDUZBlS_5PgniDRg,TotallyPointlessTV
UCeCJB88u93eq91U0rlJsW-A,http://www.youtube.com/channel/UCeCJB88u93eq91U0rlJsW-A,Overlord DVD
UCeHGGfhRUiH5wBpjjzbRNXg,http://www.youtube.com/channel/UCeHGGfhRUiH5wBpjjzbRNXg,CreepsMcPasta
UCeJABMUjUV2co4mXT1vNNHA,http://www.youtube.com/channel/UCeJABMUjUV2co4mXT1vNNHA,Frankly
UCeW2TPb_b__pTriVVRS1GSQ,http://www.youtube.com/channel/UCeW2TPb_b__pTriVVRS1GSQ,EnlargedKai
UCeXWyZhm_iG8VfxqNBRgyVA,http://www.youtube.com/channel/UCeXWyZhm_iG8VfxqNBRgyVA,Wolfoo World
UCeoKvVm3S5EL5yb7NgDxS7g,http://www.youtube.com/channel/UCeoKvVm3S5EL5yb7NgDxS7g,Iqra Innovations
UCer4jsLnkNGr2KTLHQWP4rQ,http://www.youtube.com/channel/UCer4jsLnkNGr2KTLHQWP4rQ,Physics by Alexander FufaeV
UCf-U0uPVQZtcqXUWa_Hl4Mw,http://www.youtube.com/channel/UCf-U0uPVQZtcqXUWa_Hl4Mw,Into the Shadows
UCf0WB91t8Ky6AuYcQV0CcLw,http://www.youtube.com/channel/UCf0WB91t8Ky6AuYcQV0CcLw,First Principles of Computer Vision
UCf6K6Ib1cYAwj4_bCSJtkKg,http://www.youtube.com/channel/UCf6K6Ib1cYAwj4_bCSJtkKg,TomDarkLIVE
UCf91GlSsWtOSVCNknD3XFJw,http://www.youtube.com/channel/UCf91GlSsWtOSVCNknD3XFJw,Victor (BOB)
UCfBLdldyxStkLfACw2Zqoaw,http://www.youtube.com/channel/UCfBLdldyxStkLfACw2Zqoaw,Matthew McCleskey
UCfKidiMlHTBRNkQZlLzUesw,http://www.youtube.com/channel/UCfKidiMlHTBRNkQZlLzUesw,Rocket Science
UCfM8sKIKE4KrJgy35ivLMgQ,http://www.youtube.com/channel/UCfM8sKIKE4KrJgy35ivLMgQ,Moosashi
UCfOvNb3xj28SNqPQ_JIbumg,http://www.youtube.com/channel/UCfOvNb3xj28SNqPQ_JIbumg,code_your_own_AI
UCfTSUoYi_vV1s8LzqM-zROg,http://www.youtube.com/channel/UCfTSUoYi_vV1s8LzqM-zROg,Fabian Frank Werner
UCfWNZIJkm268rLO_yeRlcww,http://www.youtube.com/channel/UCfWNZIJkm268rLO_yeRlcww,Business Basics
UCfY6v9YemG9G9ZI_4bfaCgQ,http://www.youtube.com/channel/UCfY6v9YemG9G9ZI_4bfaCgQ,Mathacy
UCfZz8F37oSJ2rtcEJHM2kCg,http://www.youtube.com/channel/UCfZz8F37oSJ2rtcEJHM2kCg,TIKhistory
UCfgh3Ul_dG6plQ7rzuOLx-w,http://www.youtube.com/channel/UCfgh3Ul_dG6plQ7rzuOLx-w,Max0r
UCfjL5gRMi62CAdfYOfy91Ow,http://www.youtube.com/channel/UCfjL5gRMi62CAdfYOfy91Ow,kusam
UCflj1vzYUEyURxot28bEufA,http://www.youtube.com/channel/UCflj1vzYUEyURxot28bEufA,Spilling The Milk Clips
UCfoK9LI9vmQQ36zqsFZtNJQ,http://www.youtube.com/channel/UCfoK9LI9vmQQ36zqsFZtNJQ,Airforceproud95
UCfpOlBB48OjcAglcCJYyAAA,http://www.youtube.com/channel/UCfpOlBB48OjcAglcCJYyAAA,The ArchCast
UCfqPst3x4TrBUsYAF83uOBg,http://www.youtube.com/channel/UCfqPst3x4TrBUsYAF83uOBg,davidrandallmiller
UCfrwHFvGCdf0_nVW4seBwrg,http://www.youtube.com/channel/UCfrwHFvGCdf0_nVW4seBwrg,Null Labs
UCfuhxEitlau2vAXThgNqyNg,http://www.youtube.com/channel/UCfuhxEitlau2vAXThgNqyNg,MathPunk
UCg3BiSs8eBE9hA9EWYTgtAg,http://www.youtube.com/channel/UCg3BiSs8eBE9hA9EWYTgtAg,PartyElite
UCg8xaLuLPSqDki04Ulo2ywg,http://www.youtube.com/channel/UCg8xaLuLPSqDki04Ulo2ywg,Louaista
UCgBRykS2v-WV2YYUpR2V9jw,http://www.youtube.com/channel/UCgBRykS2v-WV2YYUpR2V9jw,All Angles
UCgBg0aacyJnw4qUnb1FlfEQ,http://www.youtube.com/channel/UCgBg0aacyJnw4qUnb1FlfEQ,Institute of Human Anatomy
UCgFP46yVT-GG4o1TgXn-04Q,http://www.youtube.com/channel/UCgFP46yVT-GG4o1TgXn-04Q,China Uncensored
UCgLG8qUwgacWiMw2a870vRw,http://www.youtube.com/channel/UCgLG8qUwgacWiMw2a870vRw,Taran Knutson
UCgNg3vwj3xt7QOrcIDaHdFg,http://www.youtube.com/channel/UCgNg3vwj3xt7QOrcIDaHdFg,PolyMatter
UCgQJAtBqCiKPJONdiB2YwXg,http://www.youtube.com/channel/UCgQJAtBqCiKPJONdiB2YwXg,Lawrence Paulson
UCgVXDsRh4yRArE7LG1IiT8Q,http://www.youtube.com/channel/UCgVXDsRh4yRArE7LG1IiT8Q,Snarky Math
UCgW2GeFYg4UFgRgDxbl8DsQ,http://www.youtube.com/channel/UCgW2GeFYg4UFgRgDxbl8DsQ,mathematimpa
UCg_K7pig8tkvXzbZV06O8Eg,http://www.youtube.com/channel/UCg_K7pig8tkvXzbZV06O8Eg,TheMathYam
UCg_j7kndWLFZEg4yCqUWPCA,http://www.youtube.com/channel/UCg_j7kndWLFZEg4yCqUWPCA,packattack04082
UCgcALy35WGT4bgDp_F4AbKQ,http://www.youtube.com/channel/UCgcALy35WGT4bgDp_F4AbKQ,Diives
UCgedNto8Vu2TX5kLvw31nJw,http://www.youtube.com/channel/UCgedNto8Vu2TX5kLvw31nJw,xdd1
UCgfe2ooZD3VJPB6aJAnuQng,http://www.youtube.com/channel/UCgfe2ooZD3VJPB6aJAnuQng,bycloud
UCgff8uE4hyw9E3ma0NBdcXw,http://www.youtube.com/channel/UCgff8uE4hyw9E3ma0NBdcXw,Manic the Manic Mechanic
UCgjNAIRqSXQkJnSoz1RXjpw,http://www.youtube.com/channel/UCgjNAIRqSXQkJnSoz1RXjpw,Ladenstarfish
UCgzcHr9YA9QfXE8qfRZXNJw,http://www.youtube.com/channel/UCgzcHr9YA9QfXE8qfRZXNJw,Polritz
UCh6aABYN8fg7VsFcSUZkC1A,http://www.youtube.com/channel/UCh6aABYN8fg7VsFcSUZkC1A,History of Humankind
UCh9IfI45mmk59eDvSWtuuhQ,http://www.youtube.com/channel/UCh9IfI45mmk59eDvSWtuuhQ,Ryan George
UChI0q9a-ZcbZh7dAu_-J-hg,http://www.youtube.com/channel/UChI0q9a-ZcbZh7dAu_-J-hg,Upper Echelon
UChJzen04kZ2wZpbETvgA-Xw,http://www.youtube.com/channel/UChJzen04kZ2wZpbETvgA-Xw,39Cents TV
UChRbMdLIdX0t9ZkAPR5D7sQ,http://www.youtube.com/channel/UChRbMdLIdX0t9ZkAPR5D7sQ,FC LangMedia
UChVUSXFzV8QCOKNWGfE56YQ,http://www.youtube.com/channel/UChVUSXFzV8QCOKNWGfE56YQ,BriTheMathGuy
UChc-m3saf8K2oJHDSsnsj_A,http://www.youtube.com/channel/UChc-m3saf8K2oJHDSsnsj_A,Elvis The Alien
UChfeqAyKn2xEi_H0sQQEDAA,http://www.youtube.com/channel/UChfeqAyKn2xEi_H0sQQEDAA,Baby Yebin 예빈
UChl_NKOs1qqh_x7yJfaDpDw,http://www.youtube.com/channel/UChl_NKOs1qqh_x7yJfaDpDw,Tantan
UChnRk6mxWsSOGElm8phdSxw,http://www.youtube.com/channel/UChnRk6mxWsSOGElm8phdSxw,Simon Roper
UChpmRMvGd3C8fBgyuHifEvQ,http://www.youtube.com/channel/UChpmRMvGd3C8fBgyuHifEvQ,Empire Wreckers
UChzVhAwzGR7hV-4O8ZmBLHg,http://www.youtube.com/channel/UChzVhAwzGR7hV-4O8ZmBLHg,Glenn Greenwald
UCi6Mqacf1b6aieHCoY6aqYg,http://www.youtube.com/channel/UCi6Mqacf1b6aieHCoY6aqYg,SomeNormalArtist
UCi7d277kIezCurlHHd2KJuw,http://www.youtube.com/channel/UCi7d277kIezCurlHHd2KJuw,Dylan the Knight Owl
UCiLqiXa5O85APUBQV7X5w9Q,http://www.youtube.com/channel/UCiLqiXa5O85APUBQV7X5w9Q,Redeemed Zoomer
UCiP_FwGyJQ_6P8k5ON5mncQ,http://www.youtube.com/channel/UCiP_FwGyJQ_6P8k5ON5mncQ,Matt McMuscles
UCiQtkTO-jrzkNx6G6E7AMfw,http://www.youtube.com/channel/UCiQtkTO-jrzkNx6G6E7AMfw,Duncan Clarke
UCiZVMOinTQGb8HQu53VbV4Q,http://www.youtube.com/channel/UCiZVMOinTQGb8HQu53VbV4Q,Gamer's Little Playground
UCialsmUlTRABKPw31VDx1eQ,http://www.youtube.com/channel/UCialsmUlTRABKPw31VDx1eQ,Foundation for Economic Education
UCih0X9u7oBsYQA_wys_XrZQ,http://www.youtube.com/channel/UCih0X9u7oBsYQA_wys_XrZQ,Smash JT
UCihBZH2m7yD5kj-wH_2na-Q,http://www.youtube.com/channel/UCihBZH2m7yD5kj-wH_2na-Q,brombo
UCimiUgDLbi6P17BdaCZpVbg,http://www.youtube.com/channel/UCimiUgDLbi6P17BdaCZpVbg,exurb1a
UCipYk6snJe0IaOvzSCWwTrw,http://www.youtube.com/channel/UCipYk6snJe0IaOvzSCWwTrw,Dr. Will Wood
UCisWUR5UCMcxz_4zT6mI3kA,http://www.youtube.com/channel/UCisWUR5UCMcxz_4zT6mI3kA,FilmComicsExplained
UCj6EYPekLaHdapmTOUPOZlA,http://www.youtube.com/channel/UCj6EYPekLaHdapmTOUPOZlA,ImbaPixel
UCjC-vhlDXh6cJSwePxc-V_A,http://www.youtube.com/channel/UCjC-vhlDXh6cJSwePxc-V_A,Alferia
UCjDMC2Q7O0OJuHLoi-qMZYg,http://www.youtube.com/channel/UCjDMC2Q7O0OJuHLoi-qMZYg,BK Binary
UCjDQKxiTVpXutZc2Ra9wCAg,http://www.youtube.com/channel/UCjDQKxiTVpXutZc2Ra9wCAg,Oki's Weird Stories
UCjFqcJQXGZ6T6sxyFB-5i6A,http://www.youtube.com/channel/UCjFqcJQXGZ6T6sxyFB-5i6A,Every Frame a Painting
UCjNErCQgCndSOl6t33m1-nQ,http://www.youtube.com/channel/UCjNErCQgCndSOl6t33m1-nQ,hazel
UCjO0vb8UqSMP8EvYI1Bq7xA,http://www.youtube.com/channel/UCjO0vb8UqSMP8EvYI1Bq7xA,Dane Perry Svendsen
UCjP7obypR9QbDb9YM_VaJoQ,http://www.youtube.com/channel/UCjP7obypR9QbDb9YM_VaJoQ,Sav Says
UCjZeJQVSkkydgZmSUucB9kA,http://www.youtube.com/channel/UCjZeJQVSkkydgZmSUucB9kA,Quantum Sense
UCjc3_T9VShyXg_l7zyRNR_Q,http://www.youtube.com/channel/UCjc3_T9VShyXg_l7zyRNR_Q,Culture Vulture
UCjeWu_Wkmgfd8L87cuR1bww,http://www.youtube.com/channel/UCjeWu_Wkmgfd8L87cuR1bww,Bedroom
UCjgQ2pJDjZlhdI4Ym7NQdUw,http://www.youtube.com/channel/UCjgQ2pJDjZlhdI4Ym7NQdUw,"arisbe, a guess at the riddle"
UCjniKviAJH0mENoLStpQXmQ,http://www.youtube.com/channel/UCjniKviAJH0mENoLStpQXmQ,Joe Blogs
UCjr2bPAyPV7t35MvcgT3W8Q,http://www.youtube.com/channel/UCjr2bPAyPV7t35MvcgT3W8Q,The Hated One
UCjuKQCmKlCtrPL2wl1uIphQ,http://www.youtube.com/channel/UCjuKQCmKlCtrPL2wl1uIphQ,MorePegasus
UCjxcq1Xwce56FCsJ_g53NUg,http://www.youtube.com/channel/UCjxcq1Xwce56FCsJ_g53NUg,Chausies
UCk0fGHsCEzGig-rSzkfCjMw,http://www.youtube.com/channel/UCk0fGHsCEzGig-rSzkfCjMw,The Engineering Mindset
UCk7X9Wzqmrgpv9TrBpUnT-g,http://www.youtube.com/channel/UCk7X9Wzqmrgpv9TrBpUnT-g,Disparu
UCk7lMYC6ZNWntLio3k5eRZg,http://www.youtube.com/channel/UCk7lMYC6ZNWntLio3k5eRZg,The Music Narrative
UCkDicHMdLaJQ3OIly7B6wug,http://www.youtube.com/channel/UCkDicHMdLaJQ3OIly7B6wug,Kyle Broder
UCkET5K1xiQhfXqbL1btKBmw,http://www.youtube.com/channel/UCkET5K1xiQhfXqbL1btKBmw,Steven Miller
UCkGMZJ0gOFXNGQDrp2cidfQ,http://www.youtube.com/channel/UCkGMZJ0gOFXNGQDrp2cidfQ,Yic17 Studio
UCkJo2GTo_77e2Rk5Dnqvp5Q,http://www.youtube.com/channel/UCkJo2GTo_77e2Rk5Dnqvp5Q,drew's campfire
UCkLHy_jxeaHTZCfGalg6QaA,http://www.youtube.com/channel/UCkLHy_jxeaHTZCfGalg6QaA,Conn Maciel Carey LLP
UCkS33XH4KH0IqD2S2-f7ovA,http://www.youtube.com/channel/UCkS33XH4KH0IqD2S2-f7ovA,Veritas
UCkWaGQyPzg2aUoMMpEd_T_A,http://www.youtube.com/channel/UCkWaGQyPzg2aUoMMpEd_T_A,WorldClassBullshitters
UCkcnYVAVZQOB-nXHechtXDg,http://www.youtube.com/channel/UCkcnYVAVZQOB-nXHechtXDg,Benjamin
UCkd3_AfX9YwXbxgsgCtCyAg,http://www.youtube.com/channel/UCkd3_AfX9YwXbxgsgCtCyAg,Imaginary Angle
UCkgKbO073CuS1ZZFKoOgTVw,http://www.youtube.com/channel/UCkgKbO073CuS1ZZFKoOgTVw,Eyesomorphic
UCki9wyVLbzeKFdVPUaIS0dQ,http://www.youtube.com/channel/UCki9wyVLbzeKFdVPUaIS0dQ,TWILR OBJECT
UCksIuzzpbMTt6Rz0DTtMI1w,http://www.youtube.com/channel/UCksIuzzpbMTt6Rz0DTtMI1w,Sagan Hawkes
UCkxpEykG5rUxMP-mcP4519Q,http://www.youtube.com/channel/UCkxpEykG5rUxMP-mcP4519Q,PhaestusFox
UCkyHL2ZPgw9D4GOcPQq6Uzw,http://www.youtube.com/channel/UCkyHL2ZPgw9D4GOcPQq6Uzw,ProjectsInFlight
UCl-OI4k9PCVsizKobbbeDEQ,http://www.youtube.com/channel/UCl-OI4k9PCVsizKobbbeDEQ,MathKiwi
UCl9trNk_L-LC5FS259d7ayA,http://www.youtube.com/channel/UCl9trNk_L-LC5FS259d7ayA,eleonora
UClBtcxcPBtQ2B9_OAyGYLGg,http://www.youtube.com/channel/UClBtcxcPBtQ2B9_OAyGYLGg,Parker Banks
UClDbIfQ-0nOBWtpbp81AtYA,http://www.youtube.com/channel/UClDbIfQ-0nOBWtpbp81AtYA,Despot of Antrim
UClFmbs3Ox9z0iPOW8rkxmOg,http://www.youtube.com/channel/UClFmbs3Ox9z0iPOW8rkxmOg,Spilling The Milk
UClI8OrDeDbsSgbYuZoZYLjw,http://www.youtube.com/channel/UClI8OrDeDbsSgbYuZoZYLjw,An Antipodal Algebraic Topologist
UClKggY1-IVjYMdBE-4ZidjA,http://www.youtube.com/channel/UClKggY1-IVjYMdBE-4ZidjA,Isabel Cooke McKay
UClX5lGGHeZ7OILb1ozSNtOg,http://www.youtube.com/channel/UClX5lGGHeZ7OILb1ozSNtOg,Brad's Art School
UClZbmi9JzfnB2CEb0fG8iew,http://www.youtube.com/channel/UClZbmi9JzfnB2CEb0fG8iew,Primal Space
UClcE-kVhqyiHCcjYwcpfj9w,http://www.youtube.com/channel/UClcE-kVhqyiHCcjYwcpfj9w,LiveOverflow
UClckdr7ylNGHeR5m-H4cOzA,http://www.youtube.com/channel/UClckdr7ylNGHeR5m-H4cOzA,Jhuddiiee
UClgRkhTL3_hImCAmdLfDE4g,http://www.youtube.com/channel/UClgRkhTL3_hImCAmdLfDE4g,YouTube Movies
UCljYmI53HACHnVa3d3JfFlw,http://www.youtube.com/channel/UCljYmI53HACHnVa3d3JfFlw,Infinite Elgintensity
UClqhvGmHcvWL9w3R48t9QXQ,http://www.youtube.com/channel/UClqhvGmHcvWL9w3R48t9QXQ,Engineering Explained
UClqtvuCsN-vktfxQIh2MmTA,http://www.youtube.com/channel/UClqtvuCsN-vktfxQIh2MmTA,The British Brothers
UCm13xHVNFVwzHzK3QHSaZ3Q,http://www.youtube.com/channel/UCm13xHVNFVwzHzK3QHSaZ3Q,Benjamin A Boyce
UCm3hAp1m1xlAz0ve_EKAo4g,http://www.youtube.com/channel/UCm3hAp1m1xlAz0ve_EKAo4g,Talking Tom
UCmEZO4HufjDCOFSwECbsCGA,http://www.youtube.com/channel/UCmEZO4HufjDCOFSwECbsCGA,Chase Kip
UCmEmX_jw_pRp5UbAdzkZq-g,http://www.youtube.com/channel/UCmEmX_jw_pRp5UbAdzkZq-g,Posy
UCmEzz-dPBVrsy4ZluSsYHDg,http://www.youtube.com/channel/UCmEzz-dPBVrsy4ZluSsYHDg,Hyperplexed
UCmFeOdJI3IXgTBDzqBLD8qg,http://www.youtube.com/channel/UCmFeOdJI3IXgTBDzqBLD8qg,Moon
UCmGhyaUCoBJU95VkrxVx0Rw,http://www.youtube.com/channel/UCmGhyaUCoBJU95VkrxVx0Rw,Final Girl Studios
UCmLWOi-hwNCYgRW7adWF_5g,http://www.youtube.com/channel/UCmLWOi-hwNCYgRW7adWF_5g,Steven G
UCmRfRGubtOIeYZljwy_2m0g,http://www.youtube.com/channel/UCmRfRGubtOIeYZljwy_2m0g,HyperCubist Math
UCmVMNXTsmxr1wkaQ5sExJ9A,http://www.youtube.com/channel/UCmVMNXTsmxr1wkaQ5sExJ9A,Sandi Brock
UCmX9V2TjnKaluwhkqePE6EQ,http://www.youtube.com/channel/UCmX9V2TjnKaluwhkqePE6EQ,riverta
UCm_fGUCFYVrGl3ziz0Wgr4Q,http://www.youtube.com/channel/UCm_fGUCFYVrGl3ziz0Wgr4Q,HOLO EN - CLIPS AND HIGHLIGHTS
UCmbkRUS_4Efdt5UIhwNqtcw,http://www.youtube.com/channel/UCmbkRUS_4Efdt5UIhwNqtcw,Greg Salazar
UCmc7E8D4Fnf2_JXfXpH_b5w,http://www.youtube.com/channel/UCmc7E8D4Fnf2_JXfXpH_b5w,Conics
UCmdpliwgRgZvMWZbK9P5kvg,http://www.youtube.com/channel/UCmdpliwgRgZvMWZbK9P5kvg,LingoLizard
UCmtyQOKKmrMVaKuRXz02jbQ,http://www.youtube.com/channel/UCmtyQOKKmrMVaKuRXz02jbQ,Sebastian Lague
UCn63G5jopR5Lq_cEiNNc9bA,http://www.youtube.com/channel/UCn63G5jopR5Lq_cEiNNc9bA,zhuli
UCn8OYopT9e8tng-CGEWzfmw,http://www.youtube.com/channel/UCn8OYopT9e8tng-CGEWzfmw,Atrocity Guide
UCn8mAXIRVniC4Y9zvk_yMWQ,http://www.youtube.com/channel/UCn8mAXIRVniC4Y9zvk_yMWQ,Sitch & Adam Show
UCnCrcQCpzrpy5Ok7NSBw5wQ,http://www.youtube.com/channel/UCnCrcQCpzrpy5Ok7NSBw5wQ,Tetrolith
UCnHX5FjwtQpxkCGziuh4NJA,http://www.youtube.com/channel/UCnHX5FjwtQpxkCGziuh4NJA,Logan Smith
UCnQC_G5Xsjhp9fEJKuIcrSw,http://www.youtube.com/channel/UCnQC_G5Xsjhp9fEJKuIcrSw,Ben Shapiro
UCnSqwyD8RmO-nX1EF_UJXaw,http://www.youtube.com/channel/UCnSqwyD8RmO-nX1EF_UJXaw,Vidduley
UCnXU0MjnApXHZkf3uGYbLSA,http://www.youtube.com/channel/UCnXU0MjnApXHZkf3uGYbLSA,FlyCat
UCnZeeKO8qVdtkrA4-uKhtTw,http://www.youtube.com/channel/UCnZeeKO8qVdtkrA4-uKhtTw,Animagraffs
UCnhFsD8t_5iaRqaqxv7ss0w,http://www.youtube.com/channel/UCnhFsD8t_5iaRqaqxv7ss0w,Theology Matters
UCniI-BQk7qAtXNmmz40LSdg,http://www.youtube.com/channel/UCniI-BQk7qAtXNmmz40LSdg,Kedoo Toons TV - Funny Animations for Kids
UCnl_YV8B5e7GKxcVlSvBpaQ,http://www.youtube.com/channel/UCnl_YV8B5e7GKxcVlSvBpaQ,Chris_PHP
UCnlvhYDQLq4d_C3JYEVnWAQ,http://www.youtube.com/channel/UCnlvhYDQLq4d_C3JYEVnWAQ,QOVES Studio
UCnrWTjaeR0zU5Rzyh5-k73A,http://www.youtube.com/channel/UCnrWTjaeR0zU5Rzyh5-k73A,DigiLuxe Recreational Video
UCnym_SvWIt_VfycYNt105aQ,http://www.youtube.com/channel/UCnym_SvWIt_VfycYNt105aQ,Math Visualized
UCo0Ek8Te0osbhI0WnhF3QzA,http://www.youtube.com/channel/UCo0Ek8Te0osbhI0WnhF3QzA,omozoc
UCo5nE1xrHBkUcIPf7Dxgt_w,http://www.youtube.com/channel/UCo5nE1xrHBkUcIPf7Dxgt_w,Dr Phoxotic
UCo698VL13Dip93yh0f4Rc5Q,http://www.youtube.com/channel/UCo698VL13Dip93yh0f4Rc5Q,Bushradical
UCo9_hkkHwy8GcONynz4sz_Q,http://www.youtube.com/channel/UCo9_hkkHwy8GcONynz4sz_Q,Historical Weapons
UCoCLRhXLs5MFSN7FMb-VlCA,http://www.youtube.com/channel/UCoCLRhXLs5MFSN7FMb-VlCA,Paul G
UCoOq2zscvS3lkzoxlw1FdUw,http://www.youtube.com/channel/UCoOq2zscvS3lkzoxlw1FdUw,AndyPants Gaming
UCoUkea_dZioNSJbi1vWDZkA,http://www.youtube.com/channel/UCoUkea_dZioNSJbi1vWDZkA,Jabzy
UCoV-Doro5jYkqvdxsqgbZLA,http://www.youtube.com/channel/UCoV-Doro5jYkqvdxsqgbZLA,Math 101
UCoVeeyiWWAPP7jHibZGmCNA,http://www.youtube.com/channel/UCoVeeyiWWAPP7jHibZGmCNA,AnthonyMakesVideos
UCoe5Yk15NUniu1xEJ-ylOvQ,http://www.youtube.com/channel/UCoe5Yk15NUniu1xEJ-ylOvQ,MIKE ZEROH
UCogE_pJuDs_xLtDVcp4W_UA,http://www.youtube.com/channel/UCogE_pJuDs_xLtDVcp4W_UA,Richard Behiel
UConVfxXodg78Tzh5nNu85Ew,http://www.youtube.com/channel/UConVfxXodg78Tzh5nNu85Ew,Welch Labs
UCotwjyJnb-4KW7bmsOoLfkg,http://www.youtube.com/channel/UCotwjyJnb-4KW7bmsOoLfkg,Art of the Problem
UCovvoZxlQjFaIA7A3w_94Zw,http://www.youtube.com/channel/UCovvoZxlQjFaIA7A3w_94Zw,memedokies
UCp1NTFKWYTYtypB1dVXYHMw,http://www.youtube.com/channel/UCp1NTFKWYTYtypB1dVXYHMw,nicholasdeorio
UCp8OR6ddA_4Vf89dK3zeA2g,http://www.youtube.com/channel/UCp8OR6ddA_4Vf89dK3zeA2g,Concave Cuboid
UCpGdL9Sn3Q5YWUH2DVUW1Ug,http://www.youtube.com/channel/UCpGdL9Sn3Q5YWUH2DVUW1Ug,PopularMMOs
UCpMAZbus-sWXC5PKXO7OTaw,http://www.youtube.com/channel/UCpMAZbus-sWXC5PKXO7OTaw,tian nya
UCpOOxojfWdfzZhCwiHAW4qg,http://www.youtube.com/channel/UCpOOxojfWdfzZhCwiHAW4qg,Feeding Steven
UCpOz0xABYpXAfoSWr3o4x6A,http://www.youtube.com/channel/UCpOz0xABYpXAfoSWr3o4x6A,Apple Maths
UCpd0n9H-HdK4GplD5RGvIDg,http://www.youtube.com/channel/UCpd0n9H-HdK4GplD5RGvIDg,安田現象
UCpdbjQLAmZL8LVEhMaH1Enw,http://www.youtube.com/channel/UCpdbjQLAmZL8LVEhMaH1Enw,Sabetta Talks Math
UCpfOW3vhZbPMsPHa8TGjL1Q,http://www.youtube.com/channel/UCpfOW3vhZbPMsPHa8TGjL1Q,Squatting Slav TV
UCq-vSTqa-OPeMzx5fjH9w_w,http://www.youtube.com/channel/UCq-vSTqa-OPeMzx5fjH9w_w,Poke My Heart
UCq0EGvLTyy-LLT1oUSO_0FQ,http://www.youtube.com/channel/UCq0EGvLTyy-LLT1oUSO_0FQ,Eddie Woo
UCq79-lfj2w7oRXGRcOP2B7g,http://www.youtube.com/channel/UCq79-lfj2w7oRXGRcOP2B7g,Davies Media Design
UCqBN8cSd6hfwqq0BM2biXOg,http://www.youtube.com/channel/UCqBN8cSd6hfwqq0BM2biXOg,UBERSOY
UCqKRlX8Pi6xg-lAAzkt3wfA,http://www.youtube.com/channel/UCqKRlX8Pi6xg-lAAzkt3wfA,Skills Factory
UCqL-oPQEozYkqef04_O47sQ,http://www.youtube.com/channel/UCqL-oPQEozYkqef04_O47sQ,Leather Apron Club
UCqTHx0ObkFZ97KO2SWUuz9w,http://www.youtube.com/channel/UCqTHx0ObkFZ97KO2SWUuz9w,The Canvas
UCqZQJ4600a9wIfMPbYc60OQ,http://www.youtube.com/channel/UCqZQJ4600a9wIfMPbYc60OQ,Lesics
UCqaHX0hxhAb86XlYFwmQC1g,http://www.youtube.com/channel/UCqaHX0hxhAb86XlYFwmQC1g,Super Mario 64: CLASSIFIED
UCqeg5vkTkH-DYxmOO9FJOHA,http://www.youtube.com/channel/UCqeg5vkTkH-DYxmOO9FJOHA,Ardour
UCqpCtOn-rReQmgBtAn92s0A,http://www.youtube.com/channel/UCqpCtOn-rReQmgBtAn92s0A,SuperRAD
UCqq5iqLTPwveEF2fpG2OzyA,http://www.youtube.com/channel/UCqq5iqLTPwveEF2fpG2OzyA,MentisWave
UCr0XW6TU9XVWlWPpEwEyf3g,http://www.youtube.com/channel/UCr0XW6TU9XVWlWPpEwEyf3g,JAMARI
UCr22xikWUK2yUW4YxOKXclQ,http://www.youtube.com/channel/UCr22xikWUK2yUW4YxOKXclQ,MathTheBeautiful
UCr3FB8MxRFBXo8REW9CHR0A,http://www.youtube.com/channel/UCr3FB8MxRFBXo8REW9CHR0A,紅紅ちゃんねる
UCr7SPl3QI9O5ZjO7zx4mOZg,http://www.youtube.com/channel/UCr7SPl3QI9O5ZjO7zx4mOZg,HamsterLAB
UCr7lmzIk63PZnBw3bezl-Mg,http://www.youtube.com/channel/UCr7lmzIk63PZnBw3bezl-Mg,The Math Sorcerer
UCrAEoSV-HqWRmJu_fKYkfGA,http://www.youtube.com/channel/UCrAEoSV-HqWRmJu_fKYkfGA,The Movie Cynic
UCrD0cRlN2nSFj9PVIaZ3o4w,http://www.youtube.com/channel/UCrD0cRlN2nSFj9PVIaZ3o4w,Charlemagne
UCrI5U0R293u9uveijefKyAA,http://www.youtube.com/channel/UCrI5U0R293u9uveijefKyAA,Ryan Reeves
UCrTNhL_yO3tPTdQ5XgmmWjA,http://www.youtube.com/channel/UCrTNhL_yO3tPTdQ5XgmmWjA,RedLetterMedia
UCrfKGpvbEQXcbe68dzXgJuA,http://www.youtube.com/channel/UCrfKGpvbEQXcbe68dzXgJuA,Forgotten Weapons
UCrlZs71h3mTR45FgQNINfrg,http://www.youtube.com/channel/UCrlZs71h3mTR45FgQNINfrg,Mathemaniac
UCrn9HkH3trWYpxzlW9l8eSg,http://www.youtube.com/channel/UCrn9HkH3trWYpxzlW9l8eSg,EpsilonDelta
UCrtd2wePvAl6RN_D-9jWVQQ,http://www.youtube.com/channel/UCrtd2wePvAl6RN_D-9jWVQQ,Drbeen Medical Lectures
UCrv269YwJzuZL3dH5PCgxUw,http://www.youtube.com/channel/UCrv269YwJzuZL3dH5PCgxUw,CodeParade
UCrzKp7Z7PuuuAPXfQnDTdpQ,http://www.youtube.com/channel/UCrzKp7Z7PuuuAPXfQnDTdpQ,Barney Codes
UCs5J77-5NPivp7q89O9eMaA,http://www.youtube.com/channel/UCs5J77-5NPivp7q89O9eMaA,GeometricSquirtle
UCs7RW6HY6FMfzYlEi739Ljw,http://www.youtube.com/channel/UCs7RW6HY6FMfzYlEi739Ljw,Lucid Rhythms
UCs9WfIvLdL0WSAFaRl9FOAQ,http://www.youtube.com/channel/UCs9WfIvLdL0WSAFaRl9FOAQ,Beige Frequency
UCsBjURrPoezykLs9EqgamOA,http://www.youtube.com/channel/UCsBjURrPoezykLs9EqgamOA,Fireship
UCsEPI9OwGEw5Lm0E7Paq62g,http://www.youtube.com/channel/UCsEPI9OwGEw5Lm0E7Paq62g,hoe_math
UCsb-1aJgiJXJH2feV-zlZRw,http://www.youtube.com/channel/UCsb-1aJgiJXJH2feV-zlZRw,Kyo Kaneko 【NIJISANJI EN】
UCsooa4yRKGN_zEE8iknghZA,http://www.youtube.com/channel/UCsooa4yRKGN_zEE8iknghZA,TED-Ed
UCsvMBYWqE7UW6VosUQtW8Ug,http://www.youtube.com/channel/UCsvMBYWqE7UW6VosUQtW8Ug,Misha Petrov
UCsvn_Po0SmunchJYOWpOxMg,http://www.youtube.com/channel/UCsvn_Po0SmunchJYOWpOxMg,videogamedunkey
UCt0WEbS6TspBIxw5CvzhowA,http://www.youtube.com/channel/UCt0WEbS6TspBIxw5CvzhowA,Esther Soyun Park
UCt4rQNr4_OwbbTP_OvBRK9Q,http://www.youtube.com/channel/UCt4rQNr4_OwbbTP_OvBRK9Q,Sawa░Grape░Sama
UCt9Rb0CWT8-bbsJtUOg6BsA,http://www.youtube.com/channel/UCt9Rb0CWT8-bbsJtUOg6BsA,DV Gen
UCtApDZWXv8fQaxZAk6dxYkw,http://www.youtube.com/channel/UCtApDZWXv8fQaxZAk6dxYkw,Ghostcharm
UCtCgJ6RAwOHQK15FitaLgoQ,http://www.youtube.com/channel/UCtCgJ6RAwOHQK15FitaLgoQ,하이틴에이저 Hi-teenager
UCtEwVJZABCd0tels2KIpKGQ,http://www.youtube.com/channel/UCtEwVJZABCd0tels2KIpKGQ,aarthificial
UCtFuCBKQTItHCwfHRP9LIjQ,http://www.youtube.com/channel/UCtFuCBKQTItHCwfHRP9LIjQ,Dr Geoff Lindsey
UCtGoffNx1f6IHR5LEH0D6tQ,http://www.youtube.com/channel/UCtGoffNx1f6IHR5LEH0D6tQ,Britta Food4Dogs
UCtHp0WNe3OaSXAr1C_Oi0AQ,http://www.youtube.com/channel/UCtHp0WNe3OaSXAr1C_Oi0AQ,Sheldon Axler
UCtJPeNYnAXhB1-_h8xbIX_Q,http://www.youtube.com/channel/UCtJPeNYnAXhB1-_h8xbIX_Q,Nemean
UCtLGtHHHkr_UBuRcp9pDiYw,http://www.youtube.com/channel/UCtLGtHHHkr_UBuRcp9pDiYw,Jacques
UCtLcjZ5KR0FmNX-aJDlfwxQ,http://www.youtube.com/channel/UCtLcjZ5KR0FmNX-aJDlfwxQ,The Aristocratic Utensil
UCtRFmSyL4fSLQkn-wMqlmdA,http://www.youtube.com/channel/UCtRFmSyL4fSLQkn-wMqlmdA,History of the Universe
UCtUbO6rBht0daVIOGML3c8w,http://www.youtube.com/channel/UCtUbO6rBht0daVIOGML3c8w,Summoning Salt
UCtUdaTPtfr-qe6npmq3ZbDw,http://www.youtube.com/channel/UCtUdaTPtfr-qe6npmq3ZbDw,Dart Fam 
UCtXBMZFXXw1rHp95-moX_zQ,http://www.youtube.com/channel/UCtXBMZFXXw1rHp95-moX_zQ,NovaZone
UCtYKe7-XbaDjpUwcU5x0bLg,http://www.youtube.com/channel/UCtYKe7-XbaDjpUwcU5x0bLg,neo
UCtfVcXWhbSnF-fWHJ6ugw5A,http://www.youtube.com/channel/UCtfVcXWhbSnF-fWHJ6ugw5A,Autotechlabs
UCtiec4EBNN3iiNgXHgykm9A,http://www.youtube.com/channel/UCtiec4EBNN3iiNgXHgykm9A,Legal Mindset
UCtqOcxyF6m9cXOvTO3qAqYg,http://www.youtube.com/channel/UCtqOcxyF6m9cXOvTO3qAqYg,Tamulur
UCtscFf8VayggrDYjOwDke_Q,http://www.youtube.com/channel/UCtscFf8VayggrDYjOwDke_Q,Angela Collier 
UCtyrdQFssuwqj_0DbbOFOgA,http://www.youtube.com/channel/UCtyrdQFssuwqj_0DbbOFOgA,Usufruct
UCu6mSoMNzHQiBIOCkHUa2Aw,http://www.youtube.com/channel/UCu6mSoMNzHQiBIOCkHUa2Aw,Cody'sLab
UCu7Zwf4X_OQ-TEnou0zdyRA,http://www.youtube.com/channel/UCu7Zwf4X_OQ-TEnou0zdyRA,Morphocular
UCuBpNon-yi4nJ1StjA1tSYA,http://www.youtube.com/channel/UCuBpNon-yi4nJ1StjA1tSYA,Hoot
UCuCkxoKLYO_EQ2GeFtbM_bw,http://www.youtube.com/channel/UCuCkxoKLYO_EQ2GeFtbM_bw,Half as Interesting
UCuF49lP5gkkw5L8HK3H6GJg,http://www.youtube.com/channel/UCuF49lP5gkkw5L8HK3H6GJg,SunnyV2
UCuHB_2AOt8vjuvZZp6tSoxg,http://www.youtube.com/channel/UCuHB_2AOt8vjuvZZp6tSoxg,Recursion
UCuRf8qJbWGYrxIxzNagoOCA,http://www.youtube.com/channel/UCuRf8qJbWGYrxIxzNagoOCA,Slush
UCue7TFlrt9FxXarpsl872Dg,http://www.youtube.com/channel/UCue7TFlrt9FxXarpsl872Dg,Unreal Sensei
UCuiNK3mwhlVnxNJNyAcr3iw,http://www.youtube.com/channel/UCuiNK3mwhlVnxNJNyAcr3iw,AlgoMotion
UCul6aD7dmSMP5CHC5GVgn3w,http://www.youtube.com/channel/UCul6aD7dmSMP5CHC5GVgn3w,Jesse Grant
UCv0nF8zWevEsSVcmz6mlw6A,http://www.youtube.com/channel/UCv0nF8zWevEsSVcmz6mlw6A,vcubingx
UCv3mh2P-q3UCtR9-2q8B-ZA,http://www.youtube.com/channel/UCv3mh2P-q3UCtR9-2q8B-ZA,The Urban Rescue Ranch
UCvVC_wP6a6UGCKZjp-Mc34g,http://www.youtube.com/channel/UCvVC_wP6a6UGCKZjp-Mc34g,mohsen zare
UCvYCMicLA7TZNfYhOaSCOsw,http://www.youtube.com/channel/UCvYCMicLA7TZNfYhOaSCOsw,Rooney
UCvaHgYcWAAcn5D54w4Dqezg,http://www.youtube.com/channel/UCvaHgYcWAAcn5D54w4Dqezg,Black Pilled
UCveZqqGewoyPiacooywP5Ig,http://www.youtube.com/channel/UCveZqqGewoyPiacooywP5Ig,Alt Shift X
UCvz84_Q0BbvZThy75mbd-Dg,http://www.youtube.com/channel/UCvz84_Q0BbvZThy75mbd-Dg,Zack D. Films
UCw4BFxLFguznor-MnYNwGTg,http://www.youtube.com/channel/UCw4BFxLFguznor-MnYNwGTg,theo jansen
UCwIxsvoZdE976J4hyRiRI5A,http://www.youtube.com/channel/UCwIxsvoZdE976J4hyRiRI5A,Day by Dave
UCwM4EI8mqvsSUR7Ou1D0qrA,http://www.youtube.com/channel/UCwM4EI8mqvsSUR7Ou1D0qrA,Academic Lesson
UCw_lQ_KhJBX4hAQ6rqbg0Bw,http://www.youtube.com/channel/UCw_lQ_KhJBX4hAQ6rqbg0Bw,Kentucky Ballistics
UCwe6kcllhainHICL1vnq41g,http://www.youtube.com/channel/UCwe6kcllhainHICL1vnq41g,Coder Space
UCweDKPSF65wRw5VHFUJYiow,http://www.youtube.com/channel/UCweDKPSF65wRw5VHFUJYiow,Curious Archive
UCwjvvgGX6oby5mZ3gbDe8Ug,http://www.youtube.com/channel/UCwjvvgGX6oby5mZ3gbDe8Ug,China Insights
UCwkDQ8tE_3UhB8LcnvUv0Fw,http://www.youtube.com/channel/UCwkDQ8tE_3UhB8LcnvUv0Fw,Bosnian Ape Society
UCwnKziETDbHJtx78nIkfYug,http://www.youtube.com/channel/UCwnKziETDbHJtx78nIkfYug,CaspianReport
UCwxb3pguMG25hExW_KB7z7w,http://www.youtube.com/channel/UCwxb3pguMG25hExW_KB7z7w,Woodness Goodness
UCx-ljiKQcLSd8_4AFi_yaIw,http://www.youtube.com/channel/UCx-ljiKQcLSd8_4AFi_yaIw,TJ FREE
UCx3b18RQVMGx-1R7jM2ModA,http://www.youtube.com/channel/UCx3b18RQVMGx-1R7jM2ModA,A Byte of Code
UCxHcoI9ndIdAihEB7ODTOfQ,http://www.youtube.com/channel/UCxHcoI9ndIdAihEB7ODTOfQ,Trash Theory
UCxJf49T4iTO_jtzWX3rW_jg,http://www.youtube.com/channel/UCxJf49T4iTO_jtzWX3rW_jg,LeafyIsHere
UCxQbYGpbdrh-b2ND-AfIybg,http://www.youtube.com/channel/UCxQbYGpbdrh-b2ND-AfIybg,Maker's Muse
UCxUZjZaLPsHPlp8AtkSBZiA,http://www.youtube.com/channel/UCxUZjZaLPsHPlp8AtkSBZiA,Topos Institute
UCxnSIwTpl6iDD4ttLZoE2qA,http://www.youtube.com/channel/UCxnSIwTpl6iDD4ttLZoE2qA,Holy Bible
UCy5H0uunC2qMk0iOF4SHKUw,http://www.youtube.com/channel/UCy5H0uunC2qMk0iOF4SHKUw,Hatun Tash DCCI Ministries
UCyD3sEJLC52UzR1wjtclsPw,http://www.youtube.com/channel/UCyD3sEJLC52UzR1wjtclsPw,Into The Ordinary
UCyNtlmLB73-7gtlBz00XOQQ,http://www.youtube.com/channel/UCyNtlmLB73-7gtlBz00XOQQ,Folding Ideas
UCyb_ckNk0RIVBz1vW8wNo2Q,http://www.youtube.com/channel/UCyb_ckNk0RIVBz1vW8wNo2Q,kimylamp
UCyepVVNiWSyRlL0BLMz32iA,http://www.youtube.com/channel/UCyepVVNiWSyRlL0BLMz32iA,Dreadroberts
UCyuiIAfPciVvcgWtFBnOjZg,http://www.youtube.com/channel/UCyuiIAfPciVvcgWtFBnOjZg,Steel Fist Gaming
UCz0clDQsfxFhz_xlmEdQWFw,http://www.youtube.com/channel/UCz0clDQsfxFhz_xlmEdQWFw,Bakz T. Future
UCz95kD99JQ8sRez11-COg5g,http://www.youtube.com/channel/UCz95kD99JQ8sRez11-COg5g,Reggie
UCzBRotdJS3bJPcUZyePkHBw,http://www.youtube.com/channel/UCzBRotdJS3bJPcUZyePkHBw,Essentials Of Math
UCzBjutX2PmitNF4avysL-vg,http://www.youtube.com/channel/UCzBjutX2PmitNF4avysL-vg,Aleph 0
UCzKFvBRI6VT3jYJq6a820nA,http://www.youtube.com/channel/UCzKFvBRI6VT3jYJq6a820nA,Ryan Long
UCzR-rom72PHN9Zg7RML9EbA,http://www.youtube.com/channel/UCzR-rom72PHN9Zg7RML9EbA,PBS Eons
UCzSHr-wO24dtLB0-KkiY3MQ,http://www.youtube.com/channel/UCzSHr-wO24dtLB0-KkiY3MQ,Ethereal Snake
UCzTsYSlz7Vuc0-6Upx8QOEA,http://www.youtube.com/channel/UCzTsYSlz7Vuc0-6Upx8QOEA,John Turner
UCzYag131RdrnZhtAmUBxU1Q,http://www.youtube.com/channel/UCzYag131RdrnZhtAmUBxU1Q,Pegasus
UCzen_5NiIRsC_f97HVaB7bA,http://www.youtube.com/channel/UCzen_5NiIRsC_f97HVaB7bA,Otaku-Vs
UCzgkOWKcwy0uhYilE6bd1Lg,http://www.youtube.com/channel/UCzgkOWKcwy0uhYilE6bd1Lg,Zaiste Programming
UCzk08fzh5c_BhjQa1w35wtA,http://www.youtube.com/channel/UCzk08fzh5c_BhjQa1w35wtA,Michael Nayna
UCzmVr77g3qTeqzsdpQOY2pw,http://www.youtube.com/channel/UCzmVr77g3qTeqzsdpQOY2pw,CherryBoy
UCznmmSVMbr7E3isp3xYRqug,http://www.youtube.com/channel/UCznmmSVMbr7E3isp3xYRqug,TheAlmightyLoli
UCzz7-s_Opy3lCbJfSkdzDsA,http://www.youtube.com/channel/UCzz7-s_Opy3lCbJfSkdzDsA,Bibliotheca Digitalis Youtube
UCzzLIhDbFYU46T4VFBz_m_g,http://www.youtube.com/channel/UCzzLIhDbFYU46T4VFBz_m_g,Actual Justice Warrior





